GenID,Generator Name,Fuel,Bus of Connection,Max Capacity (MW),Variable Cost ($/MWh),No-Load Cost ($/hr),Max Ramp Down (MW/min),Max Ramp Up (MW/min),Min Down Time (h),Min Up Time (h),Min Stable Level (MW),Start Cost ($),CO2 (kg/h),CO2 (kg/MWh),NOX (kg/MWh),NOX (kg/MWh),SO2 (kg/MWh),SO2 (kg/MWh),Must Commit?,Must Use?,DAUC Generator?
1,Biomass01,Biomass,bus012,3,30.998,26.184,0.42,0.42,1,1,0.9,15.9,643.330058371,714.680138172,0.874118303,0.971064513,0.028652931,0.031830754,0,0,0
2,Biomass02,Biomass,bus012,3,30.998,26.184,0.42,0.42,1,1,0.9,15.9,643.330058371,714.680138172,0.874118303,0.971064513,0.028652931,0.031830754,0,0,0
3,Biomass03,Biomass,bus103,1.2,30.998,10.464,0.42,0.42,1,1,0.36,6.36,257.096155316,714.680138172,0.349326838,0.971064513,0.011450667,0.031830754,0,0,0
4,Biomass04,Biomass,bus103,1.2,30.998,10.464,0.42,0.42,1,1,0.36,6.36,257.096155316,714.680138172,0.349326838,0.971064513,0.011450667,0.031830754,0,0,0
5,Biomass05,Biomass,bus012,1.3,30.998,11.352,0.42,0.42,6,6,0.26,6.89,278.913948313,714.680138172,0.378971547,0.971064513,0.012422398,0.031830754,0,0,0
6,Biomass06,Biomass,bus012,1.3,30.998,11.352,0.42,0.42,6,6,0.26,6.89,278.913948313,714.680138172,0.378971547,0.971064513,0.012422398,0.031830754,0,0,0
7,Biomass07,Biomass,bus012,3,30.998,26.184,0.42,0.42,6,6,0.6,15.9,643.330058371,714.680138172,0.874118303,0.971064513,0.028652931,0.031830754,0,0,0
8,Biomass08,Biomass,bus012,1.35,30.998,11.784,0.42,0.42,6,6,0.27,7.16,289.528009771,714.680138172,0.393393297,0.971064513,0.012895132,0.031830754,0,0,0
9,Biomass09,Biomass,bus012,1.35,30.998,11.784,0.42,0.42,6,6,0.27,7.16,289.528009771,714.680138172,0.393393297,0.971064513,0.012895132,0.031830754,0,0,0
10,Biomass10,Biomass,bus012,1.35,30.998,11.784,0.42,0.42,6,6,0.27,7.16,289.528009771,714.680138172,0.393393297,0.971064513,0.012895132,0.031830754,0,0,0
11,Biomass11,Biomass,bus012,0.71,30.998,6.192,0.42,0.42,6,6,0.14,3.76,152.134880898,714.680138172,0.206711753,0.971064513,0.006775854,0.031830754,0,0,0
12,Biomass12,Biomass,bus012,0.71,30.998,6.192,0.42,0.42,6,6,0.14,3.76,152.134880898,714.680138172,0.206711753,0.971064513,0.006775854,0.031830754,0,0,0
13,Biomass13,Biomass,bus012,0.71,30.998,6.192,0.42,0.42,6,6,0.14,3.76,152.134880898,714.680138172,0.206711753,0.971064513,0.006775854,0.031830754,0,0,0
14,Biomass14,Biomass,bus012,1.57,30.998,13.704,0.42,0.42,6,6,0.31,8.32,336.701616251,714.680138172,0.457489964,0.971064513,0.014996172,0.031830754,0,0,0
15,Biomass15,Biomass,bus012,0.65,30.998,5.664,0.42,0.42,6,6,0.13,3.45,139.162139116,714.680138172,0.189085169,0.971064513,0.006198068,0.031830754,0,0,0
16,Biomass16,Biomass,bus012,0.65,30.998,5.664,0.42,0.42,6,6,0.13,3.45,139.162139116,714.680138172,0.189085169,0.971064513,0.006198068,0.031830754,0,0,0
17,Biomass17,Biomass,bus012,0.65,30.998,5.664,0.42,0.42,6,6,0.13,3.45,139.162139116,714.680138172,0.189085169,0.971064513,0.006198068,0.031830754,0,0,0
18,Biomass18,Biomass,bus012,0.65,30.998,5.664,0.42,0.42,6,6,0.13,3.45,139.162139116,714.680138172,0.189085169,0.971064513,0.006198068,0.031830754,0,0,0
19,Biomass19,Biomass,bus012,0.45,30.998,3.936,0.42,0.42,6,6,0.09,2.39,96.705893284,714.680138172,0.131398168,0.971064513,0.004307132,0.031830754,0,0,0
20,Biomass20,Biomass,bus012,0.45,30.998,3.936,0.42,0.42,6,6,0.09,2.39,96.705893284,714.680138172,0.131398168,0.971064513,0.004307132,0.031830754,0,0,0
21,Biomass21,Biomass,bus012,0.45,30.998,3.936,0.42,0.42,6,6,0.09,2.39,96.705893284,714.680138172,0.131398168,0.971064513,0.004307132,0.031830754,0,0,0
22,Biomass22,Biomass,bus012,0.45,30.998,3.936,0.42,0.42,6,6,0.09,2.39,96.705893284,714.680138172,0.131398168,0.971064513,0.004307132,0.031830754,0,0,0
23,Biomass23,Biomass,bus012,1,30.998,8.736,0.42,0.42,6,6,0.2,5.3,214.639909484,714.680138172,0.291639837,0.971064513,0.009559731,0.031830754,0,0,0
24,Biomass24,Biomass,bus012,1,30.998,8.736,0.42,0.42,6,6,0.2,5.3,214.639909484,714.680138172,0.291639837,0.971064513,0.009559731,0.031830754,0,0,0
25,Biomass25,Biomass,bus012,1,30.998,8.736,0.42,0.42,6,6,0.2,5.3,214.639909484,714.680138172,0.291639837,0.971064513,0.009559731,0.031830754,0,0,0
26,Biomass26,Biomass,bus012,1.9,30.276,23.256,0.19,0.18,8,8,0.57,10.07,571.390308489,696.944631146,0.776370885,0.946966570,0.025448845,0.031040842,0,0,0
27,Biomass27,Biomass,bus012,1.9,30.276,23.256,0.19,0.18,8,8,0.57,10.07,571.390308489,696.944631146,0.776370885,0.946966570,0.025448845,0.031040842,0,0,0
28,Biomass28,Biomass,bus012,1.9,30.276,23.256,0.19,0.18,8,8,0.57,10.07,571.390308489,696.944631146,0.776370885,0.946966570,0.025448845,0.031040842,0,0,0
29,Biomass29,Biomass,bus012,1.9,30.276,23.256,0.19,0.18,8,8,0.57,10.07,571.390308489,696.944631146,0.776370885,0.946966570,0.025448845,0.031040842,0,0,0
30,Biomass30,Biomass,bus012,1.9,30.276,23.256,0.19,0.18,8,8,0.57,10.07,571.390308489,696.944631146,0.776370885,0.946966570,0.025448845,0.031040842,0,0,0
31,Biomass31,Biomass,bus012,1.9,30.276,23.256,0.19,0.18,8,8,0.57,10.07,571.390308489,696.944631146,0.776370885,0.946966570,0.025448845,0.031040842,0,0,0
32,Biomass32,Biomass,bus012,1.9,30.998,16.584,0.42,0.42,6,6,0.57,10.07,407.462025971,714.680138172,0.553634966,0.971064513,0.018147732,0.031830754,0,0,0
33,Biomass33,Biomass,bus103,1.6,30.362,13.656,0.42,0.42,8,5,0.48,8.48,335.522276089,699.053881026,0.455887548,0.949832492,0.014943646,0.031134784,0,0,0
34,Biomass34,Biomass,bus103,1.6,30.362,13.656,0.42,0.42,8,5,0.48,8.48,335.522276089,699.053881026,0.455887548,0.949832492,0.014943646,0.031134784,0,0,0
35,Biomass35,Biomass,bus103,1.6,30.362,13.656,0.42,0.42,8,5,0.48,8.48,335.522276089,699.053881026,0.455887548,0.949832492,0.014943646,0.031134784,0,0,0
36,Biomass36,Biomass,bus103,1.6,30.362,13.656,0.42,0.42,8,5,0.48,8.48,335.522276089,699.053881026,0.455887548,0.949832492,0.014943646,0.031134784,0,0,0
37,Biomass37,Biomass,bus103,0.95,30.998,8.280,0.42,0.42,6,6,0.28,5.04,203.436177945,714.680138172,0.276416879,0.971064513,0.009060734,0.031830754,0,0,0
38,Biomass38,Biomass,bus103,0.95,30.998,8.280,0.42,0.42,6,6,0.19,5.04,203.436177945,714.680138172,0.276416879,0.971064513,0.009060734,0.031830754,0,0,0
39,Biomass39,Biomass,bus103,0.95,30.998,8.280,0.42,0.42,6,6,0.19,5.04,203.436177945,714.680138172,0.276416879,0.971064513,0.009060734,0.031830754,0,0,0
40,Biomass40,Biomass,bus103,0.95,30.998,8.280,0.42,0.42,6,6,0.19,5.04,203.436177945,714.680138172,0.276416879,0.971064513,0.009060734,0.031830754,0,0,0
41,Biomass41,Biomass,bus103,1.88,30.998,16.416,0.42,0.42,8,8,0.56,9.96,403.334335404,714.680138172,0.548026507,0.971064513,0.017963891,0.031830754,0,0,0
42,Biomass42,Biomass,bus103,1.88,30.998,16.416,0.42,0.42,8,8,0.56,9.96,403.334335404,714.680138172,0.548026507,0.971064513,0.017963891,0.031830754,0,0,0
43,Biomass43,Biomass,bus103,3.75,26.845,40.344,0.06,0.07,8,8,1.12,19.88,991.235406161,612.636551315,1.346831226,0.832413807,0.044148100,0.027285889,0,0,1
44,Biomass44,Biomass,bus103,2.29,30.998,19.992,0.42,0.42,8,5,0.69,12.14,491.195177473,714.680138172,0.667406551,0.971064513,0.021877078,0.031830754,0,0,0
45,Biomass45,Biomass,bus103,2.29,30.998,19.992,0.42,0.42,8,5,0.69,12.14,491.195177473,714.680138172,0.667406551,0.971064513,0.021877078,0.031830754,0,0,0
46,Biomass46,Biomass,bus103,1.2,30.998,10.464,0.42,0.42,8,5,0.36,6.36,257.096155316,714.680138172,0.349326838,0.971064513,0.011450667,0.031830754,0,0,0
47,Biomass47,Biomass,bus103,3,35.148,29.904,0.42,0.42,8,5,0.9,15.9,734.728920926,816.634095177,0.998305597,1.109593436,0.032723696,0.036371626,0,0,0
48,Biomass48,Biomass,bus103,3,35.148,29.904,0.42,0.42,8,5,0.9,15.9,734.728920926,816.634095177,0.998305597,1.109593436,0.032723696,0.036371626,0,0,0
49,Biomass49,Biomass,bus103,1.6,30.998,13.968,0.42,0.42,6,6,0.32,8.48,343.187987142,714.680138172,0.466303256,0.971064513,0.015285065,0.031830754,0,0,0
50,Biomass50,Biomass,bus103,0.9,30.998,7.848,0.42,0.42,6,6,0.27,4.77,192.822116487,714.680138172,0.261995128,0.971064513,0.008588000,0.031830754,0,0,0
51,Biomass51,Biomass,bus103,0.9,30.998,7.848,0.42,0.42,6,6,0.18,4.77,192.822116487,714.680138172,0.261995128,0.971064513,0.008588000,0.031830754,0,0,0
52,Biomass52,Biomass,bus103,3,30.998,26.184,0.42,0.42,6,6,0.9,15.9,643.330058371,714.680138172,0.874118303,0.971064513,0.028652931,0.031830754,0,0,0
53,Biomass53,Biomass,bus034,3,30.998,26.184,0.42,0.42,6,6,0.6,15.9,643.330058371,714.680138172,0.874118303,0.971064513,0.028652931,0.031830754,0,0,0
54,Biomass54,Biomass,bus034,3,30.998,26.184,0.42,0.42,6,6,0.6,15.9,643.330058371,714.680138172,0.874118303,0.971064513,0.028652931,0.031830754,0,0,0
55,Biomass55,Biomass,bus034,3,30.998,26.184,0.42,0.42,6,6,0.6,15.9,643.330058371,714.680138172,0.874118303,0.971064513,0.028652931,0.031830754,0,0,0
56,Biomass56,Biomass,bus012,4.6,30.998,40.152,0.42,0.42,8,8,1.38,24.38,986.518045513,714.680138172,1.340421560,0.971064513,0.043937996,0.031830754,0,0,0
57,Biomass57,Biomass,bus012,3,30.998,26.184,0.42,0.42,8,8,0.9,15.9,643.330058371,714.680138172,0.874118303,0.971064513,0.028652931,0.031830754,0,0,0
58,Biomass58,Biomass,bus012,3,30.998,26.184,0.42,0.42,8,8,0.9,15.9,643.330058371,714.680138172,0.874118303,0.971064513,0.028652931,0.031830754,0,0,0
59,Biomass59,Biomass,bus012,4.6,30.998,40.152,0.42,0.42,8,8,1.38,24.38,986.518045513,714.680138172,1.340421560,0.971064513,0.043937996,0.031830754,0,0,0
60,Biomass60,Biomass,bus012,3,30.998,26.184,0.42,0.42,8,8,0.9,15.9,643.330058371,714.680138172,0.874118303,0.971064513,0.028652931,0.031830754,0,0,0
61,Biomass61,Biomass,bus103,1.88,30.998,16.416,0.42,0.42,8,8,0.56,9.96,403.334335404,714.680138172,0.548026507,0.971064513,0.017963891,0.031830754,0,0,0
62,Biomass62,Biomass,bus034,7.5,34.310,72.912,0.42,0.42,8,5,2.25,39.75,1791.417706078,796.054609350,2.434070949,1.081631264,0.079786989,0.035455048,0,0,1
63,CCNG01,Natural gas,bus012,41.5,36.121,1710.612,0.28,0.28,6,8,41.08,3475.54,16955.300934295,347.316584894,11.351430287,0.232525510,0.086213395,0.001766017,0,0,1
64,CCNG03,Natural gas,bus012,126.98,28.882,4414.176,1.06,1.07,4,8,20,10634.31,43752.576538070,275.565121205,29.291979208,0.184488513,0.222470728,0.001401179,0,0,1
65,CCNG04,Natural gas,bus012,320,35.966,7049.862,2.5,2.5,4,8,160,26799.33,69877.056723120,345.786871841,46.782097298,0.231501380,0.355307068,0.001758238,0,0,1
66,CCNG05,Natural gas,bus074,100,30.077,3475.062,0.73,0.73,8,12,99,8374.79,34444.235148200,287.416383067,23.060123531,0.192422833,0.175140179,0.001461439,0,0,1
67,CCNG06,Natural gas,bus012,13.5,53.063,210.060,2.5,2.5,6,6,4.05,1130.6,2082.079696774,515.245143882,1.393934712,0.344952257,0.010586846,0.002619891,0,0,0
68,CCNG07,Natural gas,bus103,55.1,36.121,2730.942,0.39,0.4,4,8,20,4614.51,27068.641775052,347.316584894,18.122226273,0.232525510,0.137637162,0.001766017,0,0,1
69,CCNG08,Natural gas,bus112,14.3,39.784,349.542,2.5,2.5,6,6,4.29,1197.59,3464.602024992,383.629874618,2.319521695,0.256836950,0.017616620,0.001950660,0,0,0
70,CCNG09,Natural gas,bus107,33,39.784,806.598,2.5,2.5,6,6,32.67,2763.68,7994.864892214,383.629874618,5.352494292,0.256836950,0.040651855,0.001950660,0,0,1
71,CCNG10,Natural gas,bus036,71.51,47.957,1116.369,2.5,2.5,4,8,21.45299911,5988.812988,11065.263396210,464.629010357,7.408100070,0.311065185,0.056264051,0.002362520,0,0,1
72,CCNG11,Natural gas,bus066,596.4,31.397,14095.458,2.5,2.5,4,8,328.02,49947.25,139711.829565508,300.494947949,93.535885896,0.201178821,0.710399133,0.001527940,0,0,1
73,CCNG12,Natural gas,bus046,150,48.991,4194.558,2.67,2.67,4,8,60,12562.18,41575.759538898,474.889729255,27.834618674,0.317934649,0.211402167,0.002414694,0,0,1
74,CCNG13,Natural gas,bus012,57.3,36.121,2361.852,0.41,0.4,6,8,20,4798.75,23410.283233291,347.316584894,15.672986232,0.232525510,0.119035338,0.001766017,0,0,1
75,CCNG14,Natural gas,bus049,164.75,40.603,3691.710,1.31,1.3,4,8,65.9,13797.47,36591.614002559,391.741956851,24.497775476,0.262267920,0.186059054,0.001991908,0,0,1
76,CCNG15,Natural gas,bus034,27,57.304,677.268,2.67,2.67,2,2,8.1,2261.19,6712.967495357,557.280138480,4.494274849,0.373094330,0.034133733,0.002833628,0,0,0
77,CCNG16,Natural gas,bus012,943.5,30.124,20742.156,6.65,6.65,4,8,503.86,79016.14,205592.791940012,287.875618126,137.642631892,0.192730287,1.045387078,0.001463774,0,0,1
78,CCNG17,Natural gas,bus025,154.4,33.794,3937.626,2.5,2.5,4,8,84.92,12930.68,39029.092393075,324.250995574,26.129646602,0.217083294,0.198453012,0.001648734,0,0,1
79,CCNG18,Natural gas,bus113,619,30.420,12742.380,4.42,4.42,4,8,306.4,51839.95,126300.346027702,290.812474501,84.557011324,0.194696487,0.642205149,0.001478707,0,0,1
80,CCNG19,Natural gas,bus012,140,27.992,2688.714,0.88,0.87,4,8,70.48,11724.71,26650.084879711,266.751340648,17.842005979,0.178587762,0.135508906,0.001356363,0,0,1
81,CCNG20,Natural gas,bus025,25.8,36.121,2110.914,2.67,2.67,2,2,25.54,2160.7,20923.027616091,347.316584894,14.007789675,0.232525510,0.106388276,0.001766017,0,0,1
82,CCNG21,Natural gas,bus026,315,44.672,4495.824,2.5,2.5,4,8,141.75,26380.59,44561.857900930,432.078102873,29.833786222,0.289272628,0.226585718,0.002197007,0,0,1
83,CCNG22,Natural gas,bus026,677.8,26.963,14415.030,7.97,7.97,4,8,385.59,56764.33,142879.373947387,256.552896806,95.656530016,0.171759990,0.726505291,0.001304506,0,0,1
84,CCNG23,Natural gas,bus010,636,30.470,13584.348,5.69,5.68,4,8,326.09,53263.66,134645.792462689,291.309176290,90.144216988,0.195029025,0.684639623,0.001481233,0,0,1
85,CCNG24,Natural gas,bus025,672.3,35.266,13062.600,2.5,2.5,4,8,302.54,56303.71,129474.313277540,338.845357295,86.681955499,0.226854095,0.658343966,0.001722942,0,0,1
86,CCNG25,Natural gas,bus010,32.49,36.121,1339.200,0.22,0.22,4,8,32.17,2720.97,13273.927115680,347.316584894,8.886781713,0.232525510,0.067494545,0.001766017,0,0,1
87,CCNG26,Natural gas,bus010,655,39.960,10186.560,3.01,3,4,8,262,54854.88,100967.484318624,385.372077552,67.596875095,0.258003340,0.513393988,0.001959519,0,0,1
88,CCNG27,Natural gas,bus004,34.5,36.121,1422.036,0.25,0.25,4,8,34.15,2889.3,14094.983736464,347.316584894,9.436472163,0.232525510,0.071669409,0.001766017,0,0,1
89,CCNG28,Natural gas,bus100,181.5,38.869,4764.283,2.5,2.5,4,8,99.82499695,15200.24023,47222.777162967,374.546333607,31.615249118,0.250755596,0.240115816,0.001904473,0,0,1
90,CCNG29,Natural gas,bus107,49.9,36.121,2056.860,0.42,0.42,6,8,49.4,4179.02,20387.253380494,347.316584894,13.649093365,0.232525510,0.103664000,0.001766017,0,0,1
91,CCNG31,Natural gas,bus089,336.5,31.355,7941.888,2.5,2.5,4,8,185.07,28181.17,78718.669707955,300.077996771,52.701482262,0.200899676,0.400264422,0.001525820,0,0,1
92,CCNG32,Natural gas,bus090,38.55,36.121,3296.754,1.17,1.17,2,2,38.16,3228.48,32676.875981427,347.316584894,21.876891547,0.232525510,0.166153607,0.001766017,0,0,1
93,CCNG33,Natural gas,bus090,24.88,53.063,387.126,2.5,2.5,8,8,24.63,2083.65,3837.128366625,515.245143882,2.568924923,0.344952257,0.019510822,0.002619891,0,0,1
94,CCNG34,Natural gas,bus087,688.3,29.694,13711.572,5.61,5.62,4,8,338.08,57643.68,135906.815538679,283.615650952,90.988461250,0.189878275,0.691051604,0.001442113,0,0,1
95,CCNG35,Natural gas,bus089,595,30.282,12346.452,3.69,3.68,4,8,298.29,49830,122375.973704631,289.441727430,81.929677311,0.193778784,0.622250714,0.001471738,0,0,1
96,CCNG36,Natural gas,bus087,668,30.304,15218.334,2.5,2.5,4,8,367.4,55943.6,150841.589260809,289.659034463,100.987165692,0.193924269,0.766991132,0.001472843,0,0,1
97,CCNG37,Natural gas,bus065,636,29.141,12103.506,6.69,6.68,4,8,298.19,53263.66,119967.933458927,278.138550300,80.317514773,0.186211402,0.610006441,0.001414264,0,0,1
98,CCNG38,Natural gas,bus049,98.2,31.031,1812.456,2.5,2.5,4,8,42.69,8224.04,17964.761681882,296.869774225,12.027255702,0.198751798,0.091346246,0.001509507,0,0,1
99,CCNG39,Natural gas,bus018,247,36.121,11513.394,2.02,2.03,4,8,244.53,20685.73,114118.841704083,347.316584894,76.401597412,0.232525510,0.580265297,0.001766017,0,0,1
100,CCNG40,Natural gas,bus107,751.1,31.534,5243.616,1.856,1.85,4,8,412.5,62810.93,51973.847525846,301.854133857,34.796050462,0.202088785,0.264273801,0.001534852,0,0,1
101,CTNG01,Natural gas,bus006,25.4,49.184,718.740,2.67,2.67,2,2,11.43,861.65,7124.031044746,480.563797858,4.769478411,0.321733390,0.036223887,0.002443545,0,0,1
102,CTNG02,Natural gas,bus018,25.4,49.132,717.984,2.67,2.67,2,2,11.43,861.65,7116.537698794,480.052109378,4.764461680,0.321390819,0.036185785,0.002440943,0,0,0
103,CTNG03,Natural gas,bus004,24.75,49.184,700.380,2.67,2.67,2,2,11.14,839.6,6942.049785902,480.563797858,4.647643501,0.321733390,0.035298558,0.002443545,0,0,0
104,CTNG04,Natural gas,bus004,24.75,49.184,700.380,2.67,2.67,2,2,11.14,839.6,6942.049785902,480.563797858,4.647643501,0.321733390,0.035298558,0.002443545,0,0,0
105,CTNG05,Natural gas,bus004,49.9,55.666,1372.950,1.33,1.33,2,2,14.97,1692.77,13608.451488555,544.813351771,9.110742946,0.364747922,0.069195516,0.002770237,0,0,1
106,CTNG06,Natural gas,bus006,49.9,55.666,1372.950,1.33,1.33,2,2,14.97,1692.77,13608.451488555,544.813351771,9.110742946,0.364747922,0.069195516,0.002770237,0,0,1
107,CTNG07,Natural gas,bus006,49.9,55.666,1372.950,1.33,1.33,2,2,14.97,1692.77,13608.451488555,544.813351771,9.110742946,0.364747922,0.069195516,0.002770237,0,0,1
108,CTNG08,Natural gas,bus008,50,54.557,1312.092,1.67,1.67,2,2,15,1696.16,13005.237139387,533.824895171,8.706896051,0.357391243,0.066128324,0.002714364,0,0,1
109,CTNG09,Natural gas,bus008,50,48.070,1382.400,1.97,1.97,1,1,25,1696.16,13702.118312960,469.525564031,9.173452091,0.314343386,0.069671788,0.002387418,0,0,1
110,CTNG10,Natural gas,bus008,50,48.070,1382.400,1.97,1.97,1,1,25,1696.16,13702.118312960,469.525564031,9.173452091,0.314343386,0.069671788,0.002387418,0,0,1
111,CTNG11,Natural gas,bus010,50,48.070,1382.400,1.97,1.97,1,1,25,1696.16,13702.118312960,469.525564031,9.173452091,0.314343386,0.069671788,0.002387418,0,0,1
112,CTNG12,Natural gas,bus010,50,48.070,1382.400,1.97,1.97,1,1,25,1696.16,13702.118312960,469.525564031,9.173452091,0.314343386,0.069671788,0.002387418,0,0,1
113,CTNG13,Natural gas,bus006,21.6,54.557,566.838,0.67,0.67,1,1,21.3,732.74,5618.403747310,533.824895171,3.761473695,0.357391243,0.028568155,0.002714364,0,0,1
114,CTNG14,Natural gas,bus006,21.6,54.557,566.838,0.67,0.67,1,1,21.3,732.74,5618.403747310,533.824895171,3.761473695,0.357391243,0.028568155,0.002714364,0,0,1
115,CTNG15,Natural gas,bus025,21.6,54.557,566.838,0.67,0.67,1,1,21.3,732.74,5618.403747310,533.824895171,3.761473695,0.357391243,0.028568155,0.002714364,0,0,1
116,CTNG16,Natural gas,bus025,49.9,49.184,1412.046,1.33,1.33,2,2,22.45,1692.77,13995.964522093,480.563797858,9.370179638,0.321733390,0.071165921,0.002443545,0,0,1
117,CTNG17,Natural gas,bus004,6.9,42.020,93.582,1,1,1,1,3.11,234.07,927.569181108,409.553640179,0.620999706,0.274192691,0.004716453,0.002082476,0,0,0
118,CTNG18,Natural gas,bus004,3.9,42.020,52.866,1,1,1,1,1.75,132.3,523.998977671,409.553640179,0.350812875,0.274192691,0.002664402,0.002082476,0,0,0
119,CTNG19,Natural gas,bus018,3.9,42.020,52.866,1,1,1,1,1.75,132.3,523.998977671,409.553640179,0.350812875,0.274192691,0.002664402,0.002082476,0,0,0
120,CTNG20,Natural gas,bus025,6.9,42.020,93.582,1,1,1,1,3.11,234.07,927.569181108,409.553640179,0.620999706,0.274192691,0.004716453,0.002082476,0,0,0
121,CTNG21,Natural gas,bus085,100,30.989,3251.826,6.266666667,6.266666667,1,1,20,3392.320068,32231.557136255,300.224652256,21.578754354,0.200997860,0.163889274,0.001526566,0,0,0
122,CTNG22,Natural gas,bus091,100,30.990,3251.826,6.27,6.27,1,1,20,3392.32,32231.557136255,300.224652256,21.578754354,0.200997860,0.163889274,0.001526566,0,0,0
123,CTNG23,Natural gas,bus091,100,30.990,3251.826,6.27,6.27,1,1,20,3392.32,32231.557136255,300.224652256,21.578754354,0.200997860,0.163889274,0.001526566,0,0,0
124,CTNG24,Natural gas,bus100,100,30.990,3251.826,6.27,6.27,1,1,20,3392.32,32231.557136255,300.224652256,21.578754354,0.200997860,0.163889274,0.001526566,0,0,0
125,CTNG25,Natural gas,bus100,100,30.990,3251.826,6.27,6.27,1,1,20,3392.32,32231.557136255,300.224652256,21.578754354,0.200997860,0.163889274,0.001526566,0,0,0
126,CTNG26,Natural gas,bus100,100,30.990,3251.826,6.27,6.27,1,1,20,3392.32,32231.557136255,300.224652256,21.578754354,0.200997860,0.163889274,0.001526566,0,0,0
127,CTNG27,Natural gas,bus107,1.05,42.020,14.256,1,1,1,1,0,35.62,141.303095102,409.553640179,0.094601225,0.274192691,0.000718490,0.002082476,0,0,0
128,CTNG28,Natural gas,bus100,44.02,57.198,1244.916,2.67,2.67,2,2,13.21,1493.3,12339.399827616,559.999152583,8.261123613,0.374914687,0.062742711,0.002847453,0,0,0
129,CTNG29,Natural gas,bus107,0.6,42.020,8.154,1,1,1,1,0,20.35,80.821088487,409.553640179,0.054109034,0.274192691,0.000410955,0.002082476,0,0,0
130,CTNG30,Natural gas,bus090,18,56.924,451.494,2.67,2.67,2,2,5.4,610.62,4475.133250573,557.280138480,2.996063786,0.373094330,0.022754915,0.002833628,0,0,0
131,CTNG31,Natural gas,bus107,1.54,42.020,20.898,1,1,1,1,0,52.24,207.137491684,409.553640179,0.138676795,0.274192691,0.001053241,0.002082476,0,0,0
132,CTNG32,Natural gas,bus107,1.6,42.020,21.708,1,1,1,1,0,54.28,215.166076633,409.553640179,0.144051865,0.274192691,0.001094065,0.002082476,0,0,0
133,CTNG33,Natural gas,bus107,1.3,42.020,17.604,1,1,1,1,0,44.1,174.487912892,409.553640179,0.116818179,0.274192691,0.000887227,0.002082476,0,0,0
134,CTNG34,Natural gas,bus100,100,30.711,2890.512,5.33,5.33,1,1,45,10919.03,28650.273010005,298.450870221,19.181114981,0.199810328,0.145679354,0.001517547,0,0,1
135,CTNG35,Natural gas,bus100,100,30.711,2890.512,5.33,5.33,1,1,45,10919.03,28650.273010005,298.450870221,19.181114981,0.199810328,0.145679354,0.001517547,0,0,1
136,CTNG36,Natural gas,bus100,100,30.711,2890.512,5.33,5.33,1,1,45,10919.03,28650.273010005,298.450870221,19.181114981,0.199810328,0.145679354,0.001517547,0,0,1
137,CTNG37,Natural gas,bus107,1.3,42.020,17.604,1,1,1,1,0,44.1,174.487912892,409.553640179,0.116818179,0.274192691,0.000887227,0.002082476,0,0,0
138,CTNG38,Natural gas,bus090,9.5,42.020,128.844,1,1,1,1,0,322.27,1277.080245888,409.553640179,0.854994402,0.274192691,0.006493628,0.002082476,0,0,0
139,CTNG39,Natural gas,bus112,1.3,42.020,17.604,1,1,1,1,0,44.1,174.487912892,409.553640179,0.116818179,0.274192691,0.000887227,0.002082476,0,0,0
140,CTNG40,Natural gas,bus112,3.1,42.020,42.012,1,1,1,1,0.93,105.16,416.415939355,409.553640179,0.278786942,0.274192691,0.002117369,0.002082476,0,0,0
141,CTNG41,Natural gas,bus040,54,41.734,942.192,0.8,0.8,8,8,16.2,1831.85,9338.850012677,406.718479214,6.252280941,0.272294575,0.047485678,0.002068060,0,0,1
142,CTNG42,Natural gas,bus036,82.4,57.255,1328.832,1.33,1.33,2,2,19.78,2795.27,13171.161228333,560.563829724,8.817980822,0.375292733,0.066972006,0.002850325,0,0,1
143,CTNG43,Natural gas,bus062,25,50.651,838.080,3.47,3.47,1,1,7.5,848.08,8306.909227232,495.108917591,5.561405330,0.331471224,0.042238521,0.002517503,0,0,0
144,CTNG44,Natural gas,bus055,60.35,49.184,1707.804,1.33,1.33,2,2,27.16,2047.27,16927.468506472,480.563797858,11.332796712,0.321733390,0.086071874,0.002443545,0,0,1
145,CTNG45,Natural gas,bus055,60.35,49.184,1707.804,1.33,1.33,2,2,27.16,2047.27,16927.468506472,480.563797858,11.332796712,0.321733390,0.086071874,0.002443545,0,0,1
146,CTNG46,Natural gas,bus026,180,30.644,5853.276,5.33,5.33,2,2,81,19654.25,58016.695797460,297.787173865,38.841686169,0.199365989,0.295000148,0.001514172,0,0,1
147,CTNG47,Natural gas,bus026,180,30.644,5853.276,5.33,5.33,2,2,81,19654.25,58016.695797460,297.787173865,38.841686169,0.199365989,0.295000148,0.001514172,0,0,1
148,CTNG48,Natural gas,bus026,180,30.644,5853.276,5.33,5.33,2,2,81,19654.25,58016.695797460,297.787173865,38.841686169,0.199365989,0.295000148,0.001514172,0,0,1
149,CTNG49,Natural gas,bus026,180,30.644,5853.276,5.33,5.33,2,2,81,19654.25,58016.695797460,297.787173865,38.841686169,0.199365989,0.295000148,0.001514172,0,0,1
150,CTNG50,Natural gas,bus111,49.96,48.875,1407.672,2.67,2.67,2,2,22.48,5455.15,13952.610163369,478.491887702,9.341154262,0.320346264,0.070945475,0.002433010,0,0,1
151,CTNG51,Natural gas,bus085,8.57,30.824,439.830,0.47,0.47,8,8,8.48,935.76,4359.521627307,299.573266397,2.918662784,0.200561763,0.022167059,0.001523254,0,0,1
152,CTNG52,Natural gas,bus085,10.71,30.824,549.666,0.47,0.47,8,8,10.6,1169.43,5448.197746391,299.573266397,3.647522220,0.200561763,0.027702700,0.001523254,0,0,1
153,CTNG53,Natural gas,bus085,10.71,30.824,549.666,0.47,0.47,8,8,10.6,1169.43,5448.197746391,299.573266397,3.647522220,0.200561763,0.027702700,0.001523254,0,0,1
154,CTNG54,Natural gas,bus111,49.9,50.623,1418.688,2.67,2.67,2,2,22.45,5448.6,14061.798918675,495.824532129,9.414255208,0.331950322,0.071500672,0.002521142,0,0,1
155,CTNG55,Natural gas,bus091,15,56.353,373.140,2.67,2.67,2,2,4.5,1637.85,3698.501466506,552.618742059,2.476115389,0.369973565,0.018805940,0.002809926,0,0,0
156,CTNG56,Natural gas,bus111,46.9,48.694,1316.520,2.67,2.67,2,2,21.1,5121.02,13049.126737108,476.700442781,8.736279765,0.319146907,0.066351492,0.002423901,0,0,1
157,CTNG66,Natural gas,bus111,45,49.084,1273.428,2.67,2.67,2,2,20.25,4913.56,12622.006017821,480.563797858,8.450326063,0.321733390,0.064179692,0.002443545,0,0,1
158,CTNG67,Natural gas,bus111,45,49.084,1273.428,2.67,2.67,2,2,20.25,4913.56,12622.006017821,480.563797858,8.450326063,0.321733390,0.064179692,0.002443545,0,0,1
159,CTNG68,Natural gas,bus111,46.7,49.018,1319.706,1.53,1.53,2,2,21.01,5099.19,13080.705837907,479.912411999,8.757421705,0.321297293,0.066512064,0.002440233,0,0,1
160,CTNG69,Natural gas,bus111,49.5,42.037,3179.250,2.67,2.67,2,2,22.27,5404.92,31512.195924825,410.718855475,21.097148119,0.274972793,0.160231505,0.002088401,0,0,1
161,CTNG70,Natural gas,bus111,44.02,48.858,1239.840,2.67,2.67,2,2,19.81,4806.56,12289.087361936,478.320611224,8.227439844,0.320231596,0.062486885,0.002432139,0,0,1
162,CTNG71,Natural gas,bus111,44.02,48.858,1239.840,2.67,2.67,2,2,19.81,4806.56,12289.087361936,478.320611224,8.227439844,0.320231596,0.062486885,0.002432139,0,0,1
163,CTNG72,Natural gas,bus112,50,42.061,3211.380,5.33,5.33,2,2,22.5,5459.52,31830.663127802,410.951684439,21.310359213,0.275128670,0.161850829,0.002089585,0,0,0
164,CTNG73,Natural gas,bus112,50,42.061,3211.380,5.33,5.33,2,2,22.5,5459.52,31830.663127802,410.951684439,21.310359213,0.275128670,0.161850829,0.002089585,0,0,0
165,CTNG74,Natural gas,bus042,42,39.304,921.618,1.23,1.23,4,8,16.8,4585.99,9134.923954972,383.626663184,6.115754173,0.256834800,0.046448766,0.001950644,0,0,1
166,CTNG75,Natural gas,bus049,50.4,57.226,812.430,1.33,1.33,1,1,21.91,5503.19,8052.670703847,561.270880439,5.391194793,0.375766098,0.040945783,0.002853920,0,0,1
167,CTOil01,Oil,bus026,74.5,211.355,7602.630,1.83,1.83,2,2,22.35,2369.32,20214.749027036,556.896988098,28.901672045,0.796213403,0.950799325,0.026193611,0,0,1
168,CTOil02,Oil,bus010,74.5,211.355,7602.630,1.83,1.83,2,2,22.35,2369.32,20214.749027036,556.896988098,28.901672045,0.796213403,0.950799325,0.026193611,0,0,1
169,CTOil03,Oil,bus010,74.5,211.355,7602.630,1.83,1.83,2,2,22.35,2369.32,20214.749027036,556.896988098,28.901672045,0.796213403,0.950799325,0.026193611,0,0,1
170,CTOil04,Oil,bus054,71.2,220.558,6945.540,1.33,1.33,2,2,21.36,2264.37,18467.602389863,581.365974974,26.403720720,0.831197495,0.868622403,0.027344508,0,0,1
171,CTOil05,Oil,bus054,71.2,220.558,6945.540,1.33,1.33,2,2,21.36,2264.37,18467.602389863,581.365974974,26.403720720,0.831197495,0.868622403,0.027344508,0,0,1
172,Geo01,Geothermal,bus055,22,2.920,0.000,0.07,0.07,6,6,11,0,0.000000000,0.000000000,3.622262923,0.329296629,0.118735015,0.010794092,0,0,1
173,Hydro01,Hydro,bus056,75,0.000,0.000,0.83,0.83,1,1,0,0,0.000000000,0.000000000,0.000000000,0.000000000,0.000000000,0.000000000,0,0,1
174,Hydro02,Hydro,bus056,75,0.000,0.000,0.83,0.83,1,1,0,0,0.000000000,0.000000000,0.000000000,0.000000000,0.000000000,0.000000000,0,0,1
175,Hydro03,Hydro,bus066,77,0.000,0.000,0.86,0.86,1,1,0,0,0.000000000,0.000000000,0.000000000,0.000000000,0.000000000,0.000000000,0,0,1
176,Hydro04,Hydro,bus076,77,0.000,0.000,0.86,0.86,1,1,0,0,0.000000000,0.000000000,0.000000000,0.000000000,0.000000000,0.000000000,0,0,1
177,Hydro05,Hydro,bus049,82,0.000,0.000,0.91,0.91,1,1,0,0,0.000000000,0.000000000,0.000000000,0.000000000,0.000000000,0.000000000,0,0,1
178,Hydro06,Hydro,bus059,1225.31,0.000,0.000,1.58,1.58,1,1,0,0,0.000000000,0.000000000,0.000000000,0.000000000,0.000000000,0.000000000,0,0,1
179,Hydro07,Hydro,bus059,1225.31,0.000,0.000,1.58,1.58,1,1,0,0,0.000000000,0.000000000,0.000000000,0.000000000,0.000000000,0.000000000,0,0,1
180,Hydro08,Hydro,bus061,1225.31,0.000,0.000,1.58,1.58,1,1,0,0,0.000000000,0.000000000,0.000000000,0.000000000,0.000000000,0.000000000,0,0,1
181,Hydro09,Hydro,bus061,1225.31,0.000,0.000,1.58,1.58,1,1,0,0,0.000000000,0.000000000,0.000000000,0.000000000,0.000000000,0.000000000,0,0,1
182,Hydro10,Hydro,bus062,1225.31,0.000,0.000,1.58,1.58,1,1,0,0,0.000000000,0.000000000,0.000000000,0.000000000,0.000000000,0.000000000,0,0,1
183,Hydro11,Hydro,bus076,810.77,0.000,0.000,0.78,0.78,1,1,0,0,0.000000000,0.000000000,0.000000000,0.000000000,0.000000000,0.000000000,0,0,1
184,Hydro12,Hydro,bus077,810.78,0.000,0.000,0.78,0.78,1,1,0,0,0.000000000,0.000000000,0.000000000,0.000000000,0.000000000,0.000000000,0,0,1
185,Hydro13,Hydro,bus059,46.7,0.000,0.000,0.52,0.52,1,1,0,0,0.000000000,0.000000000,0.000000000,0.000000000,0.000000000,0.000000000,0,0,1
186,Hydro14,Hydro,bus099,110,0.000,0.000,1.22,1.22,1,1,0,0,0.000000000,0.000000000,0.000000000,0.000000000,0.000000000,0.000000000,0,0,1
187,Hydro15,Hydro,bus080,140,0.000,0.000,1.56,1.56,1,1,0,0,0.000000000,0.000000000,0.000000000,0.000000000,0.000000000,0.000000000,0,0,1
188,Hydro16,Hydro,bus032,0.8,0.000,0.000,0.01,0.01,1,1,0,0,0.000000000,0.000000000,0.000000000,0.000000000,0.000000000,0.000000000,0,0,1
189,Hydro17,Hydro,bus112,1.35,0.000,0.000,0.02,0.02,1,1,0,0,0.000000000,0.000000000,0.000000000,0.000000000,0.000000000,0.000000000,0,0,1
190,Hydro18,Hydro,bus112,4.65,0.000,0.000,0.05,0.05,1,1,0,0,0.000000000,0.000000000,0.000000000,0.000000000,0.000000000,0.000000000,0,0,1
191,Hydro19,Hydro,bus116,648.44,0.000,0.000,0.61,0.61,1,1,0,0,0.000000000,0.000000000,0.000000000,0.000000000,0.000000000,0.000000000,0,0,1
192,Hydro20,Hydro,bus077,765.77,0.000,0.000,0.8,0.8,1,1,0,0,0.000000000,0.000000000,0.000000000,0.000000000,0.000000000,0.000000000,0,0,1
193,Hydro21,Hydro,bus099,765.77,0.000,0.000,0.8,0.8,1,1,0,0,0.000000000,0.000000000,0.000000000,0.000000000,0.000000000,0.000000000,0,0,1
194,Hydro22,Hydro,bus099,765.77,0.000,0.000,0.8,0.8,1,1,0,0,0.000000000,0.000000000,0.000000000,0.000000000,0.000000000,0.000000000,0,0,1
195,Hydro23,Hydro,bus069,742.63,0.000,0.000,0.95,0.95,1,1,0,0,0.000000000,0.000000000,0.000000000,0.000000000,0.000000000,0.000000000,0,0,1
196,Hydro24,Hydro,bus069,742.63,0.000,0.000,0.95,0.95,1,1,0,0,0.000000000,0.000000000,0.000000000,0.000000000,0.000000000,0.000000000,0,0,1
197,Hydro25,Hydro,bus061,286.46,0.000,0.000,0.43,0.43,1,1,0,0,0.000000000,0.000000000,0.000000000,0.000000000,0.000000000,0.000000000,0,0,1
198,Hydro26,Hydro,bus116,286.46,0.000,0.000,0.43,0.43,1,1,0,0,0.000000000,0.000000000,0.000000000,0.000000000,0.000000000,0.000000000,0,0,1
199,Hydro27,Hydro,bus080,286.46,0.000,0.000,0.43,0.43,1,1,0,0,0.000000000,0.000000000,0.000000000,0.000000000,0.000000000,0.000000000,0,0,1
200,Hydro28,Hydro,bus080,1116.06,0.000,0.000,1.67,1.67,1,1,0,0,0.000000000,0.000000000,0.000000000,0.000000000,0.000000000,0.000000000,0,0,1
201,Hydro29,Hydro,bus080,1116.06,0.000,0.000,1.67,1.67,1,1,0,0,0.000000000,0.000000000,0.000000000,0.000000000,0.000000000,0.000000000,0,0,1
202,Hydro30,Hydro,bus034,0.1,0.000,0.000,0.1,0.1,1,1,0,0,0.000000000,0.000000000,0.000000000,0.000000000,0.000000000,0.000000000,0,0,1
203,Hydro31,Hydro,bus034,0.4,0.000,0.000,0.4,0.4,1,1,0,0,0.000000000,0.000000000,0.000000000,0.000000000,0.000000000,0.000000000,0,0,1
204,Hydro32,Hydro,bus034,0.48,0.000,0.000,0.01,0.01,1,1,0,0,0.000000000,0.000000000,0.000000000,0.000000000,0.000000000,0.000000000,0,0,1
205,Hydro33,Hydro,bus069,1112.39,0.000,0.000,1.06,1.06,1,1,0,0,0.000000000,0.000000000,0.000000000,0.000000000,0.000000000,0.000000000,0,0,1
206,Hydro34,Hydro,bus069,1112.39,0.000,0.000,1.06,1.06,1,1,0,0,0.000000000,0.000000000,0.000000000,0.000000000,0.000000000,0.000000000,0,0,1
207,Hydro35,Hydro,bus034,0.24,0.000,0.000,0.24,0.24,1,1,0,0,0.000000000,0.000000000,0.000000000,0.000000000,0.000000000,0.000000000,0,0,1
208,Hydro36,Hydro,bus034,10.76,0.000,0.000,0.02,0.02,1,1,0,0,0.000000000,0.000000000,0.000000000,0.000000000,0.000000000,0.000000000,0,0,1
209,Hydro37,Hydro,bus036,47.1,0.000,0.000,47.1,47.1,1,1,0,0,0.000000000,0.000000000,0.000000000,0.000000000,0.000000000,0.000000000,0,0,1
210,Hydro38,Hydro,bus034,2.46,0.000,0.000,2.46,2.46,1,1,0,0,0.000000000,0.000000000,0.000000000,0.000000000,0.000000000,0.000000000,0,0,1
211,Hydro39,Hydro,bus034,2.46,0.000,0.000,2.46,2.46,1,1,0,0,0.000000000,0.000000000,0.000000000,0.000000000,0.000000000,0.000000000,0,0,1
212,Hydro40,Hydro,bus065,96.93,0.000,0.000,96.93,96.93,1,1,0,0,0.000000000,0.000000000,0.000000000,0.000000000,0.000000000,0.000000000,0,0,1
213,Hydro41,Hydro,bus046,96.26,0.000,0.000,96.26,96.26,1,1,0,0,0.000000000,0.000000000,0.000000000,0.000000000,0.000000000,0.000000000,0,0,1
214,Hydro42,Hydro,bus042,96.26,0.000,0.000,96.26,96.26,1,1,0,0,0.000000000,0.000000000,0.000000000,0.000000000,0.000000000,0.000000000,0,0,1
215,Hydro43,Hydro,bus099,111.93,0.000,0.000,111.93,111.93,1,1,0,0,0.000000000,0.000000000,0.000000000,0.000000000,0.000000000,0.000000000,0,0,1
216,ICENG01,Natural gas,bus112,3.25,44.640,49.248,4.17,4.17,1,1,0,34.45,488.137964899,421.453608791,0.326804231,0.282159619,0.002482057,0.002142984,0,0,1
217,ICENG02,Natural gas,bus056,8.4,44.694,85.374,1,1,3,5,1.68,44.52,846.212853625,424.065575094,0.566532334,0.283908309,0.004302777,0.002156266,0,0,0
218,ICENG03,Natural gas,bus065,8.4,44.694,85.374,1,1,3,5,1.68,44.52,846.212853625,424.065575094,0.566532334,0.283908309,0.004302777,0.002156266,0,0,0
219,ICENG04,Natural gas,bus065,8.4,44.694,85.374,1,1,3,5,1.68,44.52,846.212853625,424.065575094,0.566532334,0.283908309,0.004302777,0.002156266,0,0,0
220,ICENG05,Natural gas,bus077,8.4,44.694,85.374,1,1,3,5,1.68,44.52,846.212853625,424.065575094,0.566532334,0.283908309,0.004302777,0.002156266,0,0,0
221,ICENG06,Natural gas,bus077,8.4,44.694,85.374,1,1,3,5,1.68,44.52,846.212853625,424.065575094,0.566532334,0.283908309,0.004302777,0.002156266,0,0,0
222,ICENG07,Natural gas,bus034,8.4,44.694,85.374,1,1,3,5,1.68,44.52,846.212853625,424.065575094,0.566532334,0.283908309,0.004302777,0.002156266,0,0,0
223,Solar01,Solar,bus032,746.76,0.000,0.000,746.76,746.76,0,0,0,0,0.000000000,0.000000000,0.000000000,0.000000000,0.000000000,0.000000000,1,1,1
224,Solar02,Solar,bus092,369.26,0.000,0.000,369.26,369.26,0,0,0,0,0.000000000,0.000000000,0.000000000,0.000000000,0.000000000,0.000000000,1,1,1
225,Solar03,Solar,bus054,264.47,0.000,0.000,264.47,264.47,0,0,0,0,0.000000000,0.000000000,0.000000000,0.000000000,0.000000000,0.000000000,1,1,1
226,Solar04,Solar,bus032,4.85,0.000,0.000,4.85,4.85,0,0,0,0,0.000000000,0.000000000,0.000000000,0.000000000,0.000000000,0.000000000,1,1,1
227,Solar05,Solar,bus018,0.12,0.000,0.000,0.12,0.12,0,0,0,0,0.000000000,0.000000000,0.000000000,0.000000000,0.000000000,0.000000000,1,1,1
228,Solar06,Solar,bus018,6.33,0.000,0.000,6.33,6.33,0,0,0,0,0.000000000,0.000000000,0.000000000,0.000000000,0.000000000,0.000000000,1,1,1
229,Solar07,Solar,bus018,0.21,0.000,0.000,0.21,0.21,0,0,0,0,0.000000000,0.000000000,0.000000000,0.000000000,0.000000000,0.000000000,1,1,1
230,Solar08,Solar,bus018,2.51,0.000,0.000,2.51,2.51,0,0,0,0,0.000000000,0.000000000,0.000000000,0.000000000,0.000000000,0.000000000,1,1,1
231,Solar09,Solar,bus018,12.85,0.000,0.000,12.85,12.85,0,0,0,0,0.000000000,0.000000000,0.000000000,0.000000000,0.000000000,0.000000000,1,1,1
232,Solar10,Solar,bus015,9.71,0.000,0.000,9.71,9.71,0,0,0,0,0.000000000,0.000000000,0.000000000,0.000000000,0.000000000,0.000000000,1,1,1
233,Solar11,Solar,bus015,1.98,0.000,0.000,1.98,1.98,0,0,0,0,0.000000000,0.000000000,0.000000000,0.000000000,0.000000000,0.000000000,1,1,1
234,Solar12,Solar,bus015,1.54,0.000,0.000,1.54,1.54,0,0,0,0,0.000000000,0.000000000,0.000000000,0.000000000,0.000000000,0.000000000,1,1,1
235,Solar13,Solar,bus015,0.26,0.000,0.000,0.26,0.26,0,0,0,0,0.000000000,0.000000000,0.000000000,0.000000000,0.000000000,0.000000000,1,1,1
236,Solar14,Solar,bus015,11.71,0.000,0.000,11.71,11.71,0,0,0,0,0.000000000,0.000000000,0.000000000,0.000000000,0.000000000,0.000000000,1,1,1
237,Solar15,Solar,bus015,10.53,0.000,0.000,10.53,10.53,0,0,0,0,0.000000000,0.000000000,0.000000000,0.000000000,0.000000000,0.000000000,1,1,1
238,Solar16,Solar,bus015,6.6,0.000,0.000,6.6,6.6,0,0,0,0,0.000000000,0.000000000,0.000000000,0.000000000,0.000000000,0.000000000,1,1,1
239,Solar17,Solar,bus015,3.01,0.000,0.000,3.01,3.01,0,0,0,0,0.000000000,0.000000000,0.000000000,0.000000000,0.000000000,0.000000000,1,1,1
240,Solar18,Solar,bus015,12.35,0.000,0.000,12.35,12.35,0,0,0,0,0.000000000,0.000000000,0.000000000,0.000000000,0.000000000,0.000000000,1,1,1
241,Solar19,Solar,bus015,0.1,0.000,0.000,0.1,0.1,0,0,0,0,0.000000000,0.000000000,0.000000000,0.000000000,0.000000000,0.000000000,1,1,1
242,Solar20,Solar,bus015,10.08,0.000,0.000,10.08,10.08,0,0,0,0,0.000000000,0.000000000,0.000000000,0.000000000,0.000000000,0.000000000,1,1,1
243,Solar21,Solar,bus015,18.42,0.000,0.000,18.42,18.42,0,0,0,0,0.000000000,0.000000000,0.000000000,0.000000000,0.000000000,0.000000000,1,1,1
244,Solar22,Solar,bus015,8.98,0.000,0.000,8.98,8.98,0,0,0,0,0.000000000,0.000000000,0.000000000,0.000000000,0.000000000,0.000000000,1,1,1
245,Solar23,Solar,bus015,0.29,0.000,0.000,0.29,0.29,0,0,0,0,0.000000000,0.000000000,0.000000000,0.000000000,0.000000000,0.000000000,1,1,1
246,Solar24,Solar,bus015,1.45,0.000,0.000,1.45,1.45,0,0,0,0,0.000000000,0.000000000,0.000000000,0.000000000,0.000000000,0.000000000,1,1,1
247,Solar25,Solar,bus015,1.94,0.000,0.000,1.94,1.94,0,0,0,0,0.000000000,0.000000000,0.000000000,0.000000000,0.000000000,0.000000000,1,1,1
248,Solar26,Solar,bus015,1.8,0.000,0.000,1.8,1.8,0,0,0,0,0.000000000,0.000000000,0.000000000,0.000000000,0.000000000,0.000000000,1,1,1
249,Solar27,Solar,bus015,1.13,0.000,0.000,1.13,1.13,0,0,0,0,0.000000000,0.000000000,0.000000000,0.000000000,0.000000000,0.000000000,1,1,1
250,Solar28,Solar,bus015,8.03,0.000,0.000,8.03,8.03,0,0,0,0,0.000000000,0.000000000,0.000000000,0.000000000,0.000000000,0.000000000,1,1,1
251,Solar29,Solar,bus015,8.63,0.000,0.000,8.63,8.63,0,0,0,0,0.000000000,0.000000000,0.000000000,0.000000000,0.000000000,0.000000000,1,1,1
252,Solar30,Solar,bus015,4.5,0.000,0.000,4.5,4.5,0,0,0,0,0.000000000,0.000000000,0.000000000,0.000000000,0.000000000,0.000000000,1,1,1
253,Solar31,Solar,bus104,116.03,0.000,0.000,116.03,116.03,0,0,0,0,0.000000000,0.000000000,0.000000000,0.000000000,0.000000000,0.000000000,1,1,1
254,Solar32,Solar,bus104,173.97,0.000,0.000,173.97,173.97,0,0,0,0,0.000000000,0.000000000,0.000000000,0.000000000,0.000000000,0.000000000,1,1,1
255,Solar33,Solar,bus104,132,0.000,0.000,132,132,0,0,0,0,0.000000000,0.000000000,0.000000000,0.000000000,0.000000000,0.000000000,1,1,1
256,Solar34,Solar,bus110,125,0.000,0.000,125,125,0,0,0,0,0.000000000,0.000000000,0.000000000,0.000000000,0.000000000,0.000000000,1,1,1
257,Solar35,Solar,bus104,45,0.000,0.000,45,45,0,0,0,0,0.000000000,0.000000000,0.000000000,0.000000000,0.000000000,0.000000000,1,1,1
258,Solar36,Solar,bus110,128.9,0.000,0.000,128.9,128.9,0,0,0,0,0.000000000,0.000000000,0.000000000,0.000000000,0.000000000,0.000000000,1,1,1
259,Solar37,Solar,bus112,26,0.000,0.000,26,26,0,0,0,0,0.000000000,0.000000000,0.000000000,0.000000000,0.000000000,0.000000000,1,1,1
260,Solar38,Solar,bus112,20,0.000,0.000,20,20,0,0,0,0,0.000000000,0.000000000,0.000000000,0.000000000,0.000000000,0.000000000,1,1,1
261,Solar39,Solar,bus112,1.75,0.000,0.000,1.75,1.75,0,0,0,0,0.000000000,0.000000000,0.000000000,0.000000000,0.000000000,0.000000000,1,1,1
262,Solar40,Solar,bus112,1.75,0.000,0.000,1.75,1.75,0,0,0,0,0.000000000,0.000000000,0.000000000,0.000000000,0.000000000,0.000000000,1,1,1
263,Solar41,Solar,bus112,1.75,0.000,0.000,1.75,1.75,0,0,0,0,0.000000000,0.000000000,0.000000000,0.000000000,0.000000000,0.000000000,1,1,1
264,Solar42,Solar,bus112,1.75,0.000,0.000,1.75,1.75,0,0,0,0,0.000000000,0.000000000,0.000000000,0.000000000,0.000000000,0.000000000,1,1,1
265,Solar43,Solar,bus112,1.75,0.000,0.000,1.75,1.75,0,0,0,0,0.000000000,0.000000000,0.000000000,0.000000000,0.000000000,0.000000000,1,1,1
266,Solar44,Solar,bus112,1.75,0.000,0.000,1.75,1.75,0,0,0,0,0.000000000,0.000000000,0.000000000,0.000000000,0.000000000,0.000000000,1,1,1
267,Solar45,Solar,bus112,1.75,0.000,0.000,1.75,1.75,0,0,0,0,0.000000000,0.000000000,0.000000000,0.000000000,0.000000000,0.000000000,1,1,1
268,Solar46,Solar,bus112,1.75,0.000,0.000,1.75,1.75,0,0,0,0,0.000000000,0.000000000,0.000000000,0.000000000,0.000000000,0.000000000,1,1,1
269,Solar47,Solar,bus112,1.75,0.000,0.000,1.75,1.75,0,0,0,0,0.000000000,0.000000000,0.000000000,0.000000000,0.000000000,0.000000000,1,1,1
270,Solar48,Solar,bus112,1.75,0.000,0.000,1.75,1.75,0,0,0,0,0.000000000,0.000000000,0.000000000,0.000000000,0.000000000,0.000000000,1,1,1
271,Solar49,Solar,bus112,1.1,0.000,0.000,1.1,1.1,0,0,0,0,0.000000000,0.000000000,0.000000000,0.000000000,0.000000000,0.000000000,1,1,1
272,Solar50,Solar,bus112,4.69,0.000,0.000,4.69,4.69,0,0,0,0,0.000000000,0.000000000,0.000000000,0.000000000,0.000000000,0.000000000,1,1,1
273,Solar51,Solar,bus112,15.65,0.000,0.000,15.65,15.65,0,0,0,0,0.000000000,0.000000000,0.000000000,0.000000000,0.000000000,0.000000000,1,1,1
274,Solar52,Solar,bus112,10.64,0.000,0.000,10.64,10.64,0,0,0,0,0.000000000,0.000000000,0.000000000,0.000000000,0.000000000,0.000000000,1,1,1
275,Solar53,Solar,bus112,16.09,0.000,0.000,16.09,16.09,0,0,0,0,0.000000000,0.000000000,0.000000000,0.000000000,0.000000000,0.000000000,1,1,1
276,Solar54,Solar,bus112,9.2,0.000,0.000,9.2,9.2,0,0,0,0,0.000000000,0.000000000,0.000000000,0.000000000,0.000000000,0.000000000,1,1,1
277,Solar55,Solar,bus112,20.01,0.000,0.000,20.01,20.01,0,0,0,0,0.000000000,0.000000000,0.000000000,0.000000000,0.000000000,0.000000000,1,1,1
278,Solar56,Solar,bus112,20.07,0.000,0.000,20.07,20.07,0,0,0,0,0.000000000,0.000000000,0.000000000,0.000000000,0.000000000,0.000000000,1,1,1
279,Solar57,Solar,bus112,6.84,0.000,0.000,6.84,6.84,0,0,0,0,0.000000000,0.000000000,0.000000000,0.000000000,0.000000000,0.000000000,1,1,1
280,Solar58,Solar,bus112,8.01,0.000,0.000,8.01,8.01,0,0,0,0,0.000000000,0.000000000,0.000000000,0.000000000,0.000000000,0.000000000,1,1,1
281,Solar59,Solar,bus105,12.42,0.000,0.000,12.42,12.42,0,0,0,0,0.000000000,0.000000000,0.000000000,0.000000000,0.000000000,0.000000000,1,1,1
282,Solar60,Solar,bus105,15.89,0.000,0.000,15.89,15.89,0,0,0,0,0.000000000,0.000000000,0.000000000,0.000000000,0.000000000,0.000000000,1,1,1
283,Solar61,Solar,bus105,1.97,0.000,0.000,1.97,1.97,0,0,0,0,0.000000000,0.000000000,0.000000000,0.000000000,0.000000000,0.000000000,1,1,1
284,Solar62,Solar,bus069,99.9,0.000,0.000,99.9,99.9,0,0,0,0,0.000000000,0.000000000,0.000000000,0.000000000,0.000000000,0.000000000,1,1,1
285,Solar63,Solar,bus019,60,0.000,0.000,60,60,0,0,0,0,0.000000000,0.000000000,0.000000000,0.000000000,0.000000000,0.000000000,1,1,1
286,Solar64,Solar,bus015,21,0.000,0.000,21,21,0,0,0,0,0.000000000,0.000000000,0.000000000,0.000000000,0.000000000,0.000000000,1,1,1
287,Solar65,Solar,bus019,64.8,0.000,0.000,64.8,64.8,0,0,0,0,0.000000000,0.000000000,0.000000000,0.000000000,0.000000000,0.000000000,1,1,1
288,Solar66,Solar,bus018,123.5,0.000,0.000,123.5,123.5,0,0,0,0,0.000000000,0.000000000,0.000000000,0.000000000,0.000000000,0.000000000,1,1,1
289,Solar67,Solar,bus018,40,0.000,0.000,40,40,0,0,0,0,0.000000000,0.000000000,0.000000000,0.000000000,0.000000000,0.000000000,1,1,1
290,Solar68,Solar,bus105,96,0.000,0.000,96,96,0,0,0,0,0.000000000,0.000000000,0.000000000,0.000000000,0.000000000,0.000000000,1,1,1
291,Solar69,Solar,bus105,123,0.000,0.000,123,123,0,0,0,0,0.000000000,0.000000000,0.000000000,0.000000000,0.000000000,0.000000000,1,1,1
292,Solar70,Solar,bus092,150,0.000,0.000,150,150,0,0,0,0,0.000000000,0.000000000,0.000000000,0.000000000,0.000000000,0.000000000,1,1,1
293,Solar71,Solar,bus100,104.99,0.000,0.000,104.99,104.99,0,0,0,0,0.000000000,0.000000000,0.000000000,0.000000000,0.000000000,0.000000000,1,1,1
294,Solar72,Solar,bus105,25.2,0.000,0.000,25.2,25.2,0,0,0,0,0.000000000,0.000000000,0.000000000,0.000000000,0.000000000,0.000000000,1,1,1
295,Solar73,Solar,bus069,25,0.000,0.000,25,25,0,0,0,0,0.000000000,0.000000000,0.000000000,0.000000000,0.000000000,0.000000000,1,1,1
296,Solar74,Solar,bus076,25,0.000,0.000,25,25,0,0,0,0,0.000000000,0.000000000,0.000000000,0.000000000,0.000000000,0.000000000,1,1,1
297,Solar75,Solar,bus055,30,0.000,0.000,30,30,0,0,0,0,0.000000000,0.000000000,0.000000000,0.000000000,0.000000000,0.000000000,1,1,1
298,STCoal01,Coal,bus018,20,21.299,195.840,3.33,3.33,24,48,19.8,3116.69,10042.897945696,938.884498638,18.872406546,1.764332372,16.300585707,1.523899508,0,0,1
299,STNG01,Natural gas,bus070,320,49.655,1977.156,5.42,5.42,8,12,25.6,25442.4,19597.240621512,482.462825818,13.120186518,0.323004773,0.099646986,0.002453201,0,0,0
300,STNG02,Natural gas,bus072,325,48.516,3096.630,5.33,5.33,8,12,26,25839.94,30693.280260027,471.169818229,20.548891022,0.315444200,0.156067527,0.002395779,0,0,0
301,STNG03,Natural gas,bus025,712,47.412,6499.872,11.83,11.83,8,12,56.96,56609.34,64425.647542749,460.228462660,43.132425050,0.308119056,0.327588038,0.002340145,0,0,0
302,STNG04,Natural gas,bus019,62.6,24.103,1877.526,0.17,0.17,8,12,61.97,4977.17,18609.724672785,229.194690734,12.459052959,0.153443903,0.094625719,0.001165397,0,0,1
303,STNG05,Natural gas,bus024,62.6,24.103,1877.526,0.17,0.17,8,12,61.97,4977.17,18609.724672785,229.194690734,12.459052959,0.153443903,0.094625719,0.001165397,0,0,1
304,STNG06,Natural gas,bus092,110.25,53.935,1164.942,1.72,1.72,8,12,8.82,8765.7,11546.710873652,524.878375343,7.730425076,0.351401624,0.058712089,0.002668873,0,0,1
305,STNG07,Natural gas,bus092,110.25,54.616,947.214,1.82,1.82,8,12,8.82,8765.7,9388.627239361,531.633626719,6.285606372,0.355924208,0.047738783,0.002703222,0,0,0
306,STNG08,Natural gas,bus092,306,52.826,2607.552,4.98,4.98,8,12,24.48,24329.29,25845.620667821,513.890989221,17.303424006,0.344045662,0.131418410,0.002613005,0,0,0
307,STNG09,Natural gas,bus092,345.6,50.646,3198.204,5.48,5.48,8,12,27.65,27477.79,31700.064812632,492.281249972,21.222924747,0.329578125,0.161186770,0.002503125,0,0,1
308,STNG10,Natural gas,bus105,106.25,51.566,1374.192,1.77,1.77,8,12,8.5,8447.67,13620.761985477,501.399581518,9.118984719,0.335682771,0.069258112,0.002549489,0,0,0
309,STOther01,Other,bus024,4.6,0.980,0.000,0.05,0.05,6,6,2.07,365.73,0.000000000,0.000000000,0.000000000,0.000000000,0.000000000,0.000000000,0,0,1
310,STOther02,Other,bus024,30.4,1.910,0.000,0.62,0.62,1,1,30.1,966.81,0.000000000,0.000000000,0.000000000,0.000000000,0.000000000,0.000000000,0,0,1
311,Wind01,Wind,bus024,11.5,0.000,0.000,11.5,11.5,0,0,0,0,0.000000000,0.000000000,0.000000000,0.000000000,0.000000000,0.000000000,1,1,1
312,Wind02,Wind,bus024,38,0.000,0.000,38,38,0,0,0,0,0.000000000,0.000000000,0.000000000,0.000000000,0.000000000,0.000000000,1,1,1
313,Wind03,Wind,bus024,10,0.000,0.000,10,10,0,0,0,0,0.000000000,0.000000000,0.000000000,0.000000000,0.000000000,0.000000000,1,1,1
314,Wind04,Wind,bus024,5,0.000,0.000,5,5,0,0,0,0,0.000000000,0.000000000,0.000000000,0.000000000,0.000000000,0.000000000,1,1,1
315,Wind05,Wind,bus024,1.1,0.000,0.000,1.1,1.1,0,0,0,0,0.000000000,0.000000000,0.000000000,0.000000000,0.000000000,0.000000000,1,1,1
316,Wind06,Wind,bus027,24.1,0.000,0.000,24.1,24.1,0,0,0,0,0.000000000,0.000000000,0.000000000,0.000000000,0.000000000,0.000000000,1,1,1
317,Wind07,Wind,bus027,16.6,0.000,0.000,16.6,16.6,0,0,0,0,0.000000000,0.000000000,0.000000000,0.000000000,0.000000000,0.000000000,1,1,1
318,Wind08,Wind,bus027,16.6,0.000,0.000,16.6,16.6,0,0,0,0,0.000000000,0.000000000,0.000000000,0.000000000,0.000000000,0.000000000,1,1,1
319,Wind09,Wind,bus027,16.6,0.000,0.000,16.6,16.6,0,0,0,0,0.000000000,0.000000000,0.000000000,0.000000000,0.000000000,0.000000000,1,1,1
320,Wind10,Wind,bus027,16.6,0.000,0.000,16.6,16.6,0,0,0,0,0.000000000,0.000000000,0.000000000,0.000000000,0.000000000,0.000000000,1,1,1
321,Wind11,Wind,bus027,16.6,0.000,0.000,16.6,16.6,0,0,0,0,0.000000000,0.000000000,0.000000000,0.000000000,0.000000000,0.000000000,1,1,1
322,Wind12,Wind,bus031,97.5,0.000,0.000,97.5,97.5,0,0,0,0,0.000000000,0.000000000,0.000000000,0.000000000,0.000000000,0.000000000,1,1,1
323,Wind13,Wind,bus031,58.7,0.000,0.000,58.7,58.7,0,0,0,0,0.000000000,0.000000000,0.000000000,0.000000000,0.000000000,0.000000000,1,1,1
324,Wind14,Wind,bus100,400,0.000,0.000,400,400,0,0,0,0,0.000000000,0.000000000,0.000000000,0.000000000,0.000000000,0.000000000,1,1,1
325,Wind15,Wind,bus082,50,0.000,0.000,50,50,0,0,0,0,0.000000000,0.000000000,0.000000000,0.000000000,0.000000000,0.000000000,1,1,1
326,Wind16,Wind,bus082,149.5,0.000,0.000,149.5,149.5,0,0,0,0,0.000000000,0.000000000,0.000000000,0.000000000,0.000000000,0.000000000,1,1,1
327,Wind17,Wind,bus082,149.5,0.000,0.000,149.5,149.5,0,0,0,0,0.000000000,0.000000000,0.000000000,0.000000000,0.000000000,0.000000000,1,1,1