Wind NREL,Wind,Solar NREL,Solar
143.7192446,0,0,0
141.4345936,0,0,0
134.4154345,0,0,0
123.6264305,0,0,0
110.6599172,0,0,0
96.63573724,0,0,0
82.88781131,0,0,0
71.06094844,0,0,0
62.79995771,0,0,0
59.19534499,0,0,0
59.11984319,0,0,0
60.89182158,0,0,0
62.82964901,0.003277708,0,0
63.54433505,0,0,0
62.81538307,0,0,0
60.71470577,0,0,0
57.31421587,0.000843856,0,0
52.77741291,0.025057401,0,0
47.62642693,0.036063491,0,0
42.47411039,0.003555686,0,0
37.93331588,0,0,0
34.50629376,0,0,0
32.22408636,0.009979592,0,0
31.00390817,0.039827611,0,0
30.7629737,0.015054794,0,0
31.43490796,0.002135848,17.09644685,0
32.91149802,0,49.26357654,0
35.08890322,0.013032991,102.5907879,0
37.86328292,0.033810448,188.9441499,0
41.18628489,0.049268011,340.6623201,17.3
44.8303907,0.032371312,530.2538842,39
48.57864301,0.013200282,738.125101,68.8
52.3611955,0.000306016,944.6822292,108.7
56.15197518,0,1134.262497,135.6
60.03733406,0,1306.927014,151.2
64.21878187,0,1466.667857,189
68.89782836,0.01657385,1617.477104,193.6
74.06371716,0.018005565,1762.097605,188.4
78.82214317,0.011805026,1898.275297,181.7
82.06159587,0.080584477,2022.506888,174.6
82.67555616,0.453389659,2131.289088,201.2
79.99295475,1.236404739,2221.993923,205.7
74.99264469,2.881969914,2295.494691,185.7
69.08100983,8.638350433,2353.540008,163.7
63.66443405,13.62650009,2397.87849,184.8
59.85645548,17.4021166,2429.838136,227.2
57.59822192,19.21027832,2449.064472,260.3
56.53792261,19.76369252,2454.782407,255.2
56.3237468,21.42577367,2446.216851,250.6
56.64469303,24.5337229,2423.278795,235.9
57.35099648,29.43646233,2388.623571,217.1
58.32767117,35.52443816,2345.592591,183.8
59.4645753,39.07539226,2297.527269,127.2
60.61746073,42.42399575,2246.18089,104.9
61.48154856,44.22328746,2186.954223,71.1
61.71627948,45.94650261,2113.659906,59.4
60.98126117,46.70801341,2020.110579,55.8
59.13799719,49.97938432,1902.013018,52.1
56.84911542,56.03566646,1762.650545,35
54.97893516,63.67016745,1607.20062,33.6
54.39189467,72.82640063,1440.8407,24.3
55.75916187,82.43996096,1267.76971,34.3
58.96473135,90.00476301,1088.272426,21.9
63.69792763,93.35331702,901.6550866,13.4
69.64807523,90.66128272,707.2239332,12.7
76.41049558,78.98911786,507.4382537,14.7
83.15747521,70.79465735,317.3695281,0.4
88.96338228,67.98559679,155.2422848,0
92.9154909,70.55761932,39.28105195,0
94.40516897,71.3852182,6.692759975,0
94.00536773,77.04501081,0,0
92.59647578,80.30497134,0,0
91.05888177,81.99526667,0,0
90.02569688,85.07212043,0,0
89.06585423,84.583421,0,0
87.51562502,84.95474815,0,0
84.71180836,93.41209543,0,0
80.26722957,97.87381983,0,0
74.87707287,100.4358387,0,0
69.51655156,102.0630031,0,0
65.16084505,102.8457196,0,0
62.54282715,102.4616485,0,0
61.42158417,106.1117992,0,0
61.31458388,110.8268323,0,0
61.73929416,118.7036603,0,0
62.27903938,124.6915462,0,0
62.77825282,122.1925938,0,0
63.14738925,139.7686348,0,0
63.29690388,143.0948749,0,0
63.21784492,139.6043305,0,0
63.22319354,151.399302,0,0
63.70661357,153.7957211,0,0
65.06176881,158.5223608,0,0
67.58745657,163.8235941,0,0
71.20240268,164.7924757,0,0
75.73058929,161.7850161,0,0
80.9959987,155.5682228,0,0
86.8842281,158.8102071,0,0
93.52717189,163.4875689,0,0
101.1183727,173.8118935,0,0
109.8513726,177.8388364,0,0
119.6710937,172.6452444,0,0
129.5279328,157.0494943,0,0
138.1236748,141.4828762,0,0
144.1601049,143.2614746,0,0
146.70606,148.2033937,0,0
146.2985726,127.7495574,0,0
143.8417293,142.7750156,0,0
140.2396167,136.5471952,0,0
136.3867919,124.5214796,0,0
133.1396893,113.7070798,0,0
131.3452143,106.7628737,0,0
131.8502724,106.3356111,0,0
135.1571818,116.5749638,0,0
140.3899106,112.9754283,0,0
146.3278402,113.6154704,0,0
151.7503516,115.7809867,0,0
155.874995,112.4324419,0,0
159.6719956,108.5600088,0,0
164.5497477,93.84237712,0,0
171.9166457,93.87735974,0,0
182.3802647,91.10364601,22.63234017,0
193.3449038,84.21924401,62.6714919,0
201.414043,78.03860033,124.7166432,0
203.1911623,89.07538999,219.8367239,0
196.4841708,88.0760143,375.0177619,18.6
183.8731196,77.8602183,565.6090196,39.5
169.1420135,85.10229811,773.5314188,96.1
156.0992634,82.74765983,980.7058811,161.7
147.7212467,81.12558181,1172.525446,228.7
143.7749993,75.91597858,1348.271624,326.9
143.2230768,67.72299467,1510.69804,344
145.0280348,67.65112078,1662.558322,241.4
148.1548504,68.77847373,1805.477576,265.2
151.5781871,63.22121464,1936.566826,281.9
154.2751299,63.83124895,2051.808572,240.1
155.2227639,74.53555624,2147.185318,193.5
153.9208469,80.34033065,2219.78868,135
151.9100018,78.58469903,2271.146736,222.7
151.258895,86.58017797,2303.896679,174.3
154.0414401,99.47193511,2320.675702,210.3
161.5752272,101.7274624,2324.280505,225.7
172.1384132,93.8274,2318.145823,207.8
183.2564299,85.61816559,2305.865901,235.2
192.4549541,89.58834553,2291.034983,242.7
197.9928738,94.10231197,2276.273023,242.3
201.0546495,90.634731,2260.302829,215.6
203.5587114,89.58978009,2240.872919,204.8
207.4233328,87.2823638,2215.731813,166.5
213.9129578,84.46998518,2182.31962,244.3
221.6765524,80.17943459,2136.842823,303.9
228.7095775,79.10497384,2075.199493,267.9
233.0074943,75.06123369,1993.287703,231.2
233.1012694,70.97855811,1888.16395,256.3
229.6636656,66.40619051,1761.518423,261.8
223.9029974,58.67680675,1616.199733,276.7
217.0275797,56.63747313,1455.056493,284.9
210.0529469,59.41661802,1280.822137,169.9
203.2197079,58.25019521,1095.769384,133.9
196.5761182,58.10963683,902.0557757,126.7
190.1703299,59.37028221,701.8388532,77.2
184.3147628,57.72024918,499.737119,18.5
180.3690294,52.83335896,310.21292,2.3
179.9573513,50.50645632,150.1895644,0
184.70395,50.36852848,36.59036018,0
195.8689043,52.87450175,6.152344402,0
213.2540566,54.86166968,0,0
236.2974439,54.40555178,0,0
264.4371029,51.5570369,0,0
296.2465619,47.94263349,0,0
326.8408615,43.37252525,0,0
350.470623,40.68329953,0,0
361.3864681,39.58343148,0,0
355.9973514,38.69819001,0,0
339.3454143,38.3403667,0,0
318.6311525,34.97619164,0,0
301.0550618,32.23150257,0,0
291.7976386,27.64794926,0,0
287.9592505,22.44308146,0,0
284.6202608,19.07040324,0,0
276.8610333,15.74545452,0,0
261.3063459,12.6072055,0,0
240.7547915,9.981839329,0,0
219.544583,7.842617769,0,0
202.0195872,7.522413063,0,0
191.5933719,8.544160008,0,0
187.9510858,10.09381576,0,0
189.8486131,11.60584646,0,0
196.0425625,11.75562452,0,0
204.926946,12.67028077,0,0
213.4457701,14.89107719,0,0
218.1818317,19.46246235,0,0
215.7177231,13.93350686,0,0
203.9831726,18.81314635,0,0
186.290773,29.54171866,0,0
167.301474,35.69091167,0,0
151.6762255,33.94234323,0,0
143.0419686,34.47563463,0,0
140.8880233,39.1049168,0,0
143.6700166,44.15943092,0,0
149.8435755,49.55116074,0,0
157.8304014,51.97874631,0,0
165.9094607,56.34120507,0,0
172.3271979,57.15779324,0,0
175.3300574,57.33731796,0,0
173.8969749,55.07123823,0,0
169.9347129,54.55644265,0,0
166.0828727,55.68747523,0,0
164.9810556,53.06406739,0,0
168.5324287,46.16318878,0,0
175.6906599,40.01521759,0,0
184.6734232,41.93951014,0,0
193.6983924,42.84615177,0,0
201.2814296,37.38052315,0,0
207.1265814,32.78373693,0,0
211.2357997,29.46957959,0,0
213.611881,29.75571127,0,0
213.9842508,26.875493,24.56059672,0
210.982502,22.20828816,68.11305179,0
202.9626559,20.80949698,135.804661,0
188.2807339,19.47214805,240.3566096,0
166.4138426,20.48492211,410.2058861,52.3
141.3231615,21.75907574,619.1117227,103.7
118.0909418,21.2149342,847.5635594,214.7
101.7994347,24.69716276,1076.050836,295.8
96.0721324,25.6472889,1288.549753,359.1
98.6966794,22.99260571,1482.983556,404.9
106.0018746,22.26021316,1660.762249,449.3
114.316517,23.55599733,1823.295839,474.9
120.7869354,24.47135377,1971.706554,479.5
125.5467545,24.82503626,2105.965521,443.5
129.5910687,24.58790184,2225.756091,491.7
133.9361402,31.44538485,2330.761613,498.6
139.1849273,33.72639066,2420.829065,525.1
144.277975,31.10727379,2496.459922,543.3
147.744081,28.60677051,2558.31929,564.8
148.1428531,26.73851008,2607.072271,562
144.6048229,24.0455439,2643.269795,560.2
138.5564641,24.68299052,2667.006091,576.9
132.005208,25.67076865,2678.261216,561.6
126.9584854,23.32646011,2677.015225,561.9
124.8966704,27.26919343,2663.328322,565.8
125.1919087,34.91805337,2637.581293,571.1
126.6892892,37.53830646,2600.235072,570.8
128.2339006,44.81986245,2551.750593,553.7
128.8698153,54.72855278,2492.024642,563.1
128.4370404,59.28112972,2418.697409,560.1
126.9745667,60.61338474,2328.844935,553
124.5213849,61.15893465,2219.543262,545.6
121.1211118,59.96729343,2088.807441,542.1
116.8333284,60.94485615,1938.408573,531.2
111.7212611,53.25534044,1771.056767,513
105.8496856,54.27940181,1589.462134,482
99.49213068,58.75448839,1396.209284,422.8
93.75323183,78.53686785,1193.380835,375.3
89.94716978,89.64685931,982.9339018,301.8
89.38812532,80.59417394,766.8256032,197.7
93.05072438,75.17815936,549.6085037,99.2
100.5300043,58.87503884,346.2169588,16.4
111.0800579,43.83210532,174.1807719,8.9
123.9676767,42.26035796,51.02974612,5.9
138.2097189,42.37966249,11.88954926,0
151.8784126,43.48392094,0.176549258,0
162.8092609,44.86161087,0,0
168.8377673,46.06685327,0,0
168.5544374,48.19912798,0,0
163.5590673,51.50925366,0,0
156.2086308,52.82708911,0,0
148.8601016,55.93210788,0,0
143.1371936,55.04472839,0,0
137.7208374,51.08719167,0,0
130.5604287,46.84440679,0,0
119.6056245,41.71483224,0,0
103.6499554,40.58781924,0,0
84.85960694,41.42353005,0,0
66.24521445,42.49873092,0,0
50.81741305,43.81603704,0,0
41.01945453,47.70476718,0,0
37.02429624,49.06340617,0,0
38.43766648,46.57691817,0,0
44.86529354,43.41367694,0,0
55.3413577,42.31471044,0,0
66.61364363,42.12696424,0,0
74.85842947,42.16649596,0,0
76.25199336,40.48796825,0,0
68.32299519,38.82816294,0,0
54.00956786,37.05849463,0,0
37.6022372,33.48238161,0,0
23.391529,28.89760931,0,0
14.67395701,27.63623148,0,0
10.76997194,28.7897156,0,0
10.00601539,28.82808818,0,0
10.70852896,29.32349214,0,0
11.49638466,37.11290286,0,0
12.15817181,45.01561228,0,0
12.77491086,55.79529495,0,0
13.42762231,67.45463645,0,0
14.18052356,76.18917,0,0
15.03061682,86.93987989,0,0
15.95810128,89.60991263,0,0
16.94317609,94.3655367,0,0
17.99393297,90.6842618,0,0
19.23002603,81.90343124,0,0
20.79900116,85.37103382,0,0
22.84840421,79.22726766,0,0
25.44242354,64.40882057,0,0
28.31178856,60.70402632,0,0
31.10386791,54.55561908,0,0
33.46603029,44.99032671,0,0
35.11221875,41.73871707,0,0
36.02256619,41.32222614,0,0
36.24376796,41.70789609,0,0
35.82251944,39.67126584,0,0
34.78091951,35.93240092,24.12658534,0
33.04228004,34.27439908,65.71737466,0
30.50527151,36.18022652,128.3046985,0
27.06856443,36.89832193,222.6556745,0
22.74487507,40.28434639,369.0819909,27.8
18.00160384,46.03346405,549.1777086,61.5
13.42002905,48.58138002,749.4118718,160.6
9.581429009,46.62182999,956.253525,267.7
6.924344385,44.61566382,1157.690813,322.3
5.317084521,44.85973743,1347.788286,369.6
4.478827205,43.76235248,1522.129594,409.7
4.088702456,39.41803246,1676.298386,439.1
3.958113345,39.95980137,1807.219894,468.1
3.941981329,41.331895,1917.185672,468.1
3.956773912,38.89618972,2009.828857,493.2
3.924234525,36.81456049,2088.782583,468.1
3.786684598,35.87524593,2157.292943,491.4
3.542467078,35.89211494,2217.057844,490.4
3.221268429,36.08312849,2269.388153,507.9
2.852775244,36.10616998,2315.594735,522.7
2.469139449,36.27408237,2356.240131,465.5
2.100418269,36.26201065,2388.893595,458.8
1.78023161,36.84576286,2410.37606,453.1
1.542199396,38.60124764,2417.508457,453.8
1.410554893,41.73152114,2408.039367,468.1
1.354164175,42.80728601,2383.42796,465.4
1.331163446,44.15082166,2346.061055,522.4
1.299689175,46.3972927,2298.325473,489.5
1.237107398,50.0177799,2241.825973,468.3
1.14018696,52.91661039,2175.03908,466.3
1.018216551,48.24448153,2095.659263,381.5
0.881870884,45.99903171,2001.380987,430.5
0.766891853,43.87428006,1890.454369,401.3
0.663519937,40.95518398,1763.352121,390.2
0.564870695,38.66237432,1621.102605,388.2
0.471316532,36.57058318,1464.734183,362.6
0.400201,34.37591374,1295.357002,324.2
0.359974016,32.77959392,1114.408351,276.7
0.369617815,32.24268061,923.4073073,210.5
0.461779028,31.45873906,723.872945,174.5
0.68901207,29.88318104,520.04561,45.7
0.977446616,29.49321455,327.0507298,9.4
1.258841739,29.1851734,162.7350025,7.4
1.464331342,30.21226688,44.945126,4.4
1.839093248,28.2808063,9.488347189,0
2.355369549,26.55125725,0.027075974,0
3.174592581,26.58903208,0,0
4.594631516,26.58242,0,0
7.357034378,26.31374105,0,0
10.80701007,23.92430966,0,0
14.46340569,21.84959493,0,0
17.88670765,19.10541781,0,0
20.96288911,17.49239652,0,0
23.72741385,17.45396794,0,0
26.50634998,17.49190271,0,0
29.59778963,15.41483544,0,0
33.83355963,13.65184623,0,0
39.19238143,13.47962995,0,0
45.85642048,13.6696074,0,0
54.00784223,13.00568864,0,0
63.8249334,11.80765515,0,0
75.47046587,10.6718156,0,0
89.10333277,10.31879186,0,0
104.8824272,10.75023516,0,0
122.8103501,11.14834503,0,0
142.2645324,11.21260679,0,0
162.4661132,10.80896172,0,0
182.6362313,11.53658806,0,0
201.9922156,13.3707072,0,0
219.7361559,14.74974186,0,0
235.0663322,12.60118163,0,0
247.1810243,14.81132579,0,0
255.6566696,12.93605584,0,0
261.5823334,11.85205852,0,0
266.4252384,11.86995662,0,0
271.6526076,9.914464865,0,0
278.2792099,9.027911139,0,0
285.5099997,8.746337343,0,0
292.0974781,9.653520908,0,0
296.794146,10.71194433,0,0
298.8160354,11.44239712,0,0
299.2023061,11.50510613,0,0
299.4611634,11.70673497,0,0
301.1016144,11.7846261,0,0
305.2239839,12.67027282,0,0
311.2913479,13.12304269,0,0
318.3410553,13.60881322,0,0
325.4209391,14.3109627,0,0
331.7195365,15.88571097,0,0
336.8956309,16.13943037,0,0
340.739752,15.04334846,0,0
343.0422382,13.12442084,0,0
343.8195612,12.12512919,0,0
343.9662981,11.72101839,0,0
344.607766,11.07501306,0,0
346.8692819,10.66553548,0,0
351.1636963,11.60494479,23.83060149,0
355.0450766,12.30899489,65.50339407,0
355.3560811,12.60284357,128.8441542,0
348.9393684,12.18186011,222.6866893,0
333.5866933,10.66164657,357.5573636,2
310.8755634,9.279520061,521.1407425,38
283.3318901,8.455488992,702.285569,151.4
253.4815215,8.350122909,890.7958944,231.1
223.6196365,8.125352285,1076.562034,284.5
195.1040552,9.159386649,1254.32518,325.3
169.0603869,10.40874085,1419.958552,359.6
146.6165656,11.90676901,1569.335367,391.1
128.9842625,12.37607352,1699.879506,440.7
115.2621608,11.88368411,1815.217491,483.5
104.3773694,11.45061569,1920.526506,521.7
96.92246543,11.48540202,2020.983737,529.9
91.80300154,12.12627406,2119.645574,543.1
88.58697763,12.51497172,2211.085242,559.6
86.87776026,13.29947356,2287.755176,565.6
86.27855443,14.33696846,2342.107809,576
86.50689145,17.00106497,2368.80534,582.7
87.73612459,20.16283117,2371.349034,585.7
90.25369012,21.58195954,2355.449923,586.4
94.34702426,21.81396608,2326.819039,583.3
100.273617,22.36069014,2289.917087,584.1
108.1578832,23.97548942,2244.203465,586.9
118.0927185,25.84220219,2187.887247,583.7
130.1710624,27.36476581,2119.177505,569.6
144.3985925,28.2878746,2036.977073,554.9
160.3818386,28.46995458,1942.963837,541.7
177.6344576,28.14065659,1839.509445,536.5
195.6701065,28.38531616,1728.985543,523.3
214.08057,28.69889583,1613.052225,507.4
232.6095456,28.80958457,1490.523368,491.8
251.0557116,28.6382159,1359.501295,468.5
269.2953493,28.68587238,1218.08833,443.3
287.2933604,29.19236685,1065.246779,403.3
305.4206535,29.47449855,903.3788798,361.8
324.2094182,29.11616154,735.7468537,307.1
344.182332,29.73513077,565.6129217,243.6
365.5111333,30.10272459,397.7902539,136
386.9842602,27.28664694,243.2958159,52.5
407.0436446,28.01762952,114.6975227,8.8
424.1312184,25.83847956,24.56328882,6.3
437.2663933,26.54146745,2.272230419,2.7
447.7220317,26.08313464,0.422200403,0
457.3837684,25.2611937,0.179554691,0
468.1090038,23.0614618,0,0
481.0390055,21.55515948,0,0
494.4222745,21.10556151,0,0
505.7841207,21.65304304,0,0
512.6498535,21.02281036,0,0
513.2679447,19.86912908,0,0
508.7795149,18.09653397,0,0
501.0488475,17.99914562,0,0
491.9402252,17.30339204,0,0
483.0667387,16.7191637,0,0
475.036709,16.87389116,0,0
468.2072647,17.20596224,0,0
462.935534,17.13307727,0,0
459.5677076,17.20055652,0,0
458.406223,17.45457819,0,0
459.7425793,18.74804697,0,0
463.8682763,20.44836834,0,0
470.749835,21.49639522,0,0
479.0538636,22.22920426,0,0
487.121992,23.60414646,0,0
493.29585,25.54200819,0,0
496.4182429,26.08938303,0,0
497.3366757,26.88860208,0,0
497.399829,27.72576581,0,0
497.956383,28.37407502,0,0
500.4714835,29.07408232,0,0
504.4842538,29.91364358,0,0
508.7019458,29.99629677,0,0
512.4165928,29.92061369,0,0
516.9445049,29.16042657,0,0
520.9893021,28.73010066,0,0
524.2086748,28.60046131,0,0
526.260313,27.60328857,0,0
526.9415575,27.99713511,0,0
526.1808001,28.13593189,0,0
524.0051488,25.94385329,0,0
520.6739075,25.4726447,0,0
516.3173128,25.99766443,0,0
511.2940898,25.51085805,0,0
506.0429263,24.1349739,0,0
501.0025097,22.87165381,0,0
496.4002495,21.31454943,0,0
491.6184438,23.86649537,0,0
485.8281125,24.78174236,0,0
478.2002757,23.73469681,0,0
468.2819603,22.96850549,0,0
457.1242208,24.20030633,0,0
446.1541189,25.84528874,0,0
436.7987162,27.86734572,0,0
430.1160124,29.74792111,17.84370728,0
425.6877606,31.31874645,46.64715062,0
422.726652,31.39185047,88.0753816,0
420.4453782,31.03984714,145.4105201,0
418.4869845,31.1783743,223.7744661,1.9
415.390183,32.7770319,319.3331478,64.7
410.5630932,33.16570569,429.5204133,157.4
403.5928837,32.89319968,551.7701107,242.7
394.410933,32.61719251,684.2653455,287.5
383.8363974,32.4905529,814.8106351,323.2
373.2757404,33.52923488,930.4616231,354
364.1354255,33.44691945,1018.273954,451.6
357.5443429,32.37827408,1070.800824,495.5
353.3164491,23.08552736,1102.585649,519
351.0675014,15.40892022,1133.669398,537.4
350.3900173,10.96853287,1184.093037,545.7
351.0779161,22.73908035,1267.748515,559.8
353.7422155,31.43123648,1373.931691,566.1
359.1590042,39.11765649,1485.789402,569.3
368.2088598,48.81345037,1586.468487,568.3
381.3312224,42.7302182,1661.390982,575.5
397.0118201,38.54402905,1705.079717,579.5
413.2753478,36.64552866,1714.33272,582.1
428.1707197,41.92068828,1685.948019,584.3
440.2654323,45.09666986,1619.988946,582.1
449.3585948,51.75299358,1529.580045,577.3
455.6012124,64.39675246,1431.111161,569.8
459.1767886,79.1839622,1340.972143,566
460.5102383,89.24783397,1270.876155,555.6
460.4611619,77.44625655,1213.829638,543.6
460.0684829,66.61302179,1158.162352,527.4
460.3711254,62.88372582,1092.204054,519
462.0845895,67.56462274,1007.658686,512.6
464.6179387,69.4380647,909.7269141,503.3
466.5081906,67.69809873,806.9835852,487.3
466.8328455,59.26874594,708.0035472,466
465.4635419,74.70610547,621.8406525,423.6
464.3099286,67.12904827,540.0892282,374.9
466.0161203,60.79945126,456.402442,314.6
473.3604919,62.39830989,366.8691469,243.2
488.2850429,51.15464616,270.0153959,142.3
508.6112352,46.79689222,174.1160437,50.4
531.2891853,42.22773446,89.883145,8.1
553.2690102,45.01529603,28.02875465,5.8
572.0352578,50.72904777,5.469722684,0
587.2102008,50.74661014,0.162736692,0
598.9505429,59.78155851,0,0
607.4129881,51.79278581,0,0
612.80122,46.71954048,0,0
615.5068411,47.32054548,0,0
615.9684337,51.42465338,0,0
614.6245804,65.41915392,0,0
612.0450087,73.75641013,0,0
609.3240288,79.25885064,0,0
607.6870953,73.35586335,0,0
608.3596641,68.00496647,0,0
611.9903944,65.27135584,0,0
616.9207637,76.86923459,0,0
620.9154538,91.88075424,0,0
621.7391463,95.4544319,0,0
617.9232826,108.5991847,0,0
611.0663416,115.3174996,0,0
603.5335617,120.0664771,0,0
597.6901816,131.3180376,0,0
595.1985287,151.2440331,0,0
594.909287,156.1364465,0,0
594.9702296,172.9773185,0,0
593.5291294,171.7028943,0,0
589.0828664,164.2542246,0,0
581.5247479,167.5502008,0,0
571.0971881,178.7197034,0,0
558.0426011,194.2729731,0,0
543.0297351,190.7200594,0,0
528.4326725,178.590956,0,0
517.0518303,188.5405768,0,0
511.6876245,195.7734396,0,0
514.1102438,203.2127248,0,0
521.9689628,208.7045459,0,0
531.8828282,211.8287278,0,0
540.4708863,211.0878261,0,0
544.928038,207.9660916,0,0
544.752601,204.4746696,0,0
540.0187471,207.6691854,0,0
530.8006482,207.9138227,0,0
517.4631234,205.9611436,0,0
501.533581,210.7124297,0,0
484.8300761,208.1855632,0,0
469.1706641,213.4538896,0,0
456.0222514,219.7784699,0,0
445.4471487,230.3800297,0,0
437.1565178,232.4325371,0,0
430.8615204,237.0130776,0,0
426.4260026,243.131433,0,0
424.324546,238.3963851,0,0
425.1844168,233.5314368,0,0
429.6328807,230.4718314,0,0
437.3125703,233.0803296,27.08822728,0
443.927585,233.2205356,73.92544913,0
444.1973909,239.0800533,144.4521299,0
432.8414538,248.8624392,257.3414467,0
406.4776936,246.4601374,427.9856911,20.2
369.2588399,247.1634931,636.0119207,100
327.1840568,241.2714653,863.131382,210.9
286.3678757,242.219491,1091.055322,296.7
251.7094883,247.0145254,1304.862366,353.2
223.6518331,252.2151699,1503.100649,400.9
201.5172006,252.7087917,1687.685688,440.3
184.6278813,256.4421339,1860.532996,466.5
172.3594109,255.0619988,2022.851214,481.7
164.211969,255.8117552,2173.021481,502.6
159.7370748,256.4767733,2308.718064,517.3
158.5056335,255.275671,2427.615227,518.9
160.1068185,256.6588879,2528.132201,472.6
164.1494471,257.0759297,2611.66807,541.6
170.266138,256.5438108,2680.366882,544
178.0895106,250.5205955,2736.372686,550.7
187.0042747,251.8274217,2780.838264,578
195.3788691,250.3678055,2810.951323,587
201.3343436,251.0968833,2822.908305,590.2
202.9917483,253.1466336,2812.905651,597
199.0694465,251.9686708,2778.724046,592.4
190.605129,251.9854836,2724.481138,601.2
179.2114968,251.6327372,2655.878819,605.9
166.5151691,250.8740749,2578.618981,595.1
154.9254953,250.289217,2497.06258,587.8
147.9555479,253.190587,2410.206827,572.8
143.7024866,253.2025995,2315.707998,562
147.3061612,253.4063363,2211.22237,542.8
162.7043471,252.910851,2094.3871,525.4
184.2161595,251.6275587,1962.762874,518
206.4353852,249.7319398,1813.891259,494.5
224.0650926,248.3959823,1645.313824,449.6
233.961967,247.7273235,1455.863617,414
236.5061456,247.9371502,1249.539616,363.8
233.6827306,245.978096,1031.632277,312.6
227.476825,243.0670273,807.4320604,236
221.3587554,238.4366547,584.0911662,120.2
220.2069346,235.17576,376.2087688,63.7
226.4762428,234.3431741,200.2457851,7.2
251.073068,230.5867173,72.66313227,4.4
295.4848061,221.797976,20.51035245,0
351.5967365,212.6492044,3.987083983,0
408.6125093,201.7304005,0.032731874,0
455.7521305,184.5720406,0,0
486.0203526,169.0893746,0,0
502.3826805,150.6232854,0,0
511.0180968,142.1046737,0,0
518.1055846,139.8652719,0,0
528.3994169,138.7932737,0,0
540.9550291,140.9701905,0,0
553.4031469,141.4206752,0,0
563.3744958,141.2984355,0,0
568.9893539,141.8835439,0,0
570.3262068,140.5484524,0,0
567.9530921,136.3018379,0,0
562.4380479,125.9487078,0,0
554.4533867,122.0531737,0,0
545.0885231,115.8945584,0,0
535.5371469,102.1902395,0,0
526.9929476,91.90117035,0,0
520.1513853,81.10081283,0,0
513.7150008,83.22667071,0,0
505.8881055,86.12908476,0,0
494.8750107,84.76774513,0,0
479.447761,81.67885166,0,0
460.6493351,81.383996,0,0
440.0904445,75.87162045,0,0
419.3818013,89.06871837,0,0
400.3258006,94.1051659,0,0
385.4915711,87.86055446,0,0
377.6399246,85.57938516,0,0
379.5316731,78.05709553,0,0
392.6418479,68.3868582,0,0
413.3023576,58.43108297,0,0
436.5593302,55.449013,0,0
457.4588937,49.94491357,0,0
472.0575285,46.21231735,0,0
480.4531242,41.7764343,0,0
483.7539226,39.87845814,0,0
483.0681656,38.03144604,0,0
479.8429241,34.70113886,0,0
476.8805845,35.96589017,0,0
477.3223623,37.49672607,0,0
484.3094729,36.97543975,0,0
499.2456462,35.79098744,0,0
516.584669,38.22325377,0,0
529.0428427,41.21202832,0,0
529.3364684,39.96259504,0,0
512.7012299,37.76405214,0,0
484.4503405,34.77483508,0,0
452.4163957,30.41846959,0,0
424.4319908,24.47172038,0,0
406.0648546,21.24236952,30.4381188,0
393.8232468,21.7179448,81.69219608,0
381.9505602,20.27306185,157.3503,0
364.6901877,20.81986172,275.2947234,0
338.1567561,24.46173148,446.9525566,32.4
305.9498301,27.88920896,654.5537682,110.6
273.5402079,29.79951233,881.3531911,226.6
246.3986882,30.68631179,1110.605658,315.6
229.9568101,27.741419,1328.28478,375.3
219.8169035,22.25385185,1531.239282,425.1
212.815159,17.27616509,1719.036668,464.6
206.5285337,13.51133778,1891.244441,497.5
200.0470362,11.22000764,2047.784767,515.2
193.1214886,11.72698715,2189.99846,531.3
187.7362178,12.50790526,2319.580996,537
186.5594085,11.99917998,2438.22785,539.6
191.5322056,10.19789317,2547.173541,539
200.5940873,7.94116027,2645.808753,533.6
211.3305267,5.647166172,2733.063212,532.9
221.5307444,4.929963251,2807.866642,540.2
230.3262933,5.197987085,2869.099109,548.8
237.5179754,4.943339253,2915.442025,554.8
243.8447929,3.449202247,2945.527146,552.9
250.0457483,2.553445459,2957.986221,550.7
256.8470907,2.517932436,2951.762618,543.5
264.9073425,1.753100285,2927.046154,535.8
274.875664,0.861591184,2884.338256,532.1
287.4012157,0.928622637,2824.140357,524.8
302.9014272,1.433497163,2746.948565,522
319.566931,1.255138217,2653.237715,517.1
335.1658869,1.384061686,2543.477321,509.9
348.4216985,2.607797726,2418.136898,501.1
357.7168199,1.168135751,2277.639148,494.5
363.9118097,0.585642307,2122.21952,479.8
368.492604,0.632661528,1952.066649,467.8
372.9451393,1.340282952,1767.369174,444.4
378.7101939,1.660376708,1568.498658,404.7
387.0143981,1.467349273,1356.558388,357.5
399.0460249,1.176046635,1132.834576,299.9
415.9933475,1.127414853,898.6134358,231.9
438.5374151,1.974388331,658.3847593,146.3
465.3214009,1.903041154,429.4526489,49.5
494.4830765,2.234189908,232.324785,8.5
524.1602133,3.681791149,87.50884792,6.7
552.1636581,6.659834833,24.26585191,1.5
574.9941508,8.18766406,5.391592843,0
588.8259946,12.45176828,0.342178975,0
589.8334929,16.79920447,0,0
576.1476738,18.74947628,0,0
553.7258204,14.8774267,0,0
530.4820716,11.68937361,0,0
514.3305661,9.751986724,0,0
511.0157006,6.171423442,0,0
517.6027289,2.259269716,0,0
528.9871987,0.328522782,0,0
540.0646565,0.426788599,0,0
546.8294133,0.367185925,0,0
549.6707877,0.414165944,0,0
550.0768713,0.264367842,0,0
549.5357556,0.221526986,0,0
549.2583732,0.266002745,0,0
549.3470064,0.139495223,0,0
549.6267804,0.140930994,0,0
549.9228207,0.145885055,0,0
550.1156855,0.101642576,0,0
550.3076597,0.082666158,0,0
550.656461,0.221591198,0,0
551.3198079,0.086292975,0,0
552.4554194,0.062398631,0,0
554.2210128,0.069057636,0,0
560.4354485,0.147445083,0,0