,Solar-bus015,Solar-bus018,Solar-bus019,Solar-bus032,Solar-bus054,Solar-bus055,Solar-bus069,Solar-bus076,Solar-bus092,Solar-bus100,Solar-bus104,Solar-bus105,Solar-bus110,Solar-bus112
1,0,0,0,0,0,0,0,0,0,0,0,0,0,0
2,0,0,0,0,0,0,0,0,0,0,0,0,0,0
3,0,0,0,0,0,0,0,0,0,0,0,0,0,0
4,0,0,0,0,0,0,0,0,0,0,0,0,0,0
5,0,0,0,0,0,0,0,0,0,0,0,0,0,0
6,0,0,0,0,0,0,0,0,0,0,0,0,0,0
7,0,0,0,0,0,0,0,0,0,0,0,0,0,0
8,0,0,0,0,0,0,0,0,0,0,0,0,0,0
9,0,0,0,0,0,0,0,0,0,0,0,0,0,0
10,0,0,0,0,0,0,0,0,0,0,0,0,0,0
11,0,0,0,0,0,0,0,0,0,0,0,0,0,0
12,0,0,0,0,0,0,0,0,0,0,0,0,0,0
13,0,0,0,0,0,0,0,0,0,0,0,0,0,0
14,0,0,0,0,0,0,0,0,0,0,0,0,0,0
15,0,0,0,0,0,0,0,0,0,0,0,0,0,0
16,0,0,0,0,0,0,0,0,0,0,0,0,0,0
17,0,0,0,0,0,0,0,0,0,0,0,0,0,0
18,0,0,0,0,0,0,0,0,0,0,0,0,0,0
19,0,0,0,0,0,0,0,0,0,0,0,0,0,0
20,0,0,0,0,0,0,0,0,0,0,0,0,0,0
21,0,0,0,0,0,0,0,0,0,0,0,0,0,0
22,0,0,0,0,0,0,0,0,0,0,0,0,0,0
23,0,0,0,0,0,0,0,0,0,0,0,0,0,0
24,0,0,0,0,0,0,0,0,0,0,0,0,0,0
25,0,0,0,0,0,0,0,0,0,0,0,0,0,0
26,0.409683723,7.842113161,6.550014388,2.288090596,0.683018874,0,1.912687989,0,16.15458001,3.091851575,11.92352925,17.07899344,7.931321696,3.535725746
27,1.744468232,19.00852075,15.70020035,6.60384562,2.501009884,0,5.039686753,0,39.74729386,7.679225293,29.80324182,40.82372278,19.66741853,9.074435449
28,4.757751198,31.92574004,25.94017274,13.66437803,6.257059941,0,9.445937058,0,68.19306326,13.34734025,52.24950482,67.16896877,34.10915396,16.46735254
29,10.20293029,45.02028829,35.75954644,24.1868008,12.75425595,0,15.19637967,4.44E-16,98.90680989,19.68141556,77.87268533,92.04951211,50.1573914,25.56570045
30,18.48661207,56.96740803,43.91690805,38.7536182,22.48483497,1.913695148,22.27487283,3.506273254,129.5732514,26.33847675,105.3984045,112.2316769,66.82144697,36.11725069
31,28.62823868,67.43724272,50.24673119,57.40889989,34.69763461,4.626204014,30.34094465,8.229666601,158.9562894,33.26277509,134.0132998,127.8079606,83.54444741,47.4559671
32,39.30046117,76.34866111,54.85246119,80.06210683,48.33064262,7.739755037,38.9730407,13.16731053,186.0896214,40.47036831,163.0192626,139.702404,99.87797211,58.81236158
33,49.17593058,83.6205319,57.83754341,106.6227,62.32184675,10.85657665,47.74960657,17.31633555,210.006945,47.97731412,191.7181846,148.839048,115.3736005,69.41694604
34,57.23464496,89.24813649,59.4131919,136.5272857,75.76901155,13.6432737,56.26250931,19.92094238,230.0710277,55.72734803,219.5119967,156.0938731,129.6152731,78.65149427
35,63.68599035,93.53240684,60.2216955,167.3210519,88.40900869,16.02395663,64.1573019,21.21361277,246.9609177,63.37491673,246.2027895,162.1506185,142.3163753,86.50282748
36,69.04669982,96.85068758,61.01311173,196.0763319,100.1384866,17.98711228,71.09295877,21.67389867,261.6847331,70.5021447,271.6926929,167.644963,153.2226536,93.10902874
37,73.83350641,99.58032335,62.53749814,219.8654588,110.8540938,19.52122751,76.72845437,21.78135206,275.250592,76.69115646,295.883837,173.2125856,162.0798546,98.60818115
38,78.40124576,102.0133534,65.27275364,236.6967167,120.4276998,20.62005504,80.82007394,21.91859536,288.3804558,81.60626838,318.5642781,179.301992,168.7775026,103.1567596
39,82.45716374,104.1005958,68.60814266,248.3221923,128.6320588,21.29841121,83.51334585,22.08053274,300.6516598,85.24056456,339.0657776,185.6129954,173.7802336,106.9848064
40,85.54660882,105.7075629,71.66077101,257.429923,135.2151462,21.57637824,85.05110926,22.16513881,311.3553826,87.66932097,356.6060229,191.6582359,177.6964614,110.3407556
41,87.21492945,106.6997675,73.5477445,266.7079462,139.9249371,21.47403835,85.67620334,22.07038818,319.7828027,88.96781361,370.4027018,196.9503537,181.1345999,113.4730414
42,87.20571198,107.047401,73.64697929,277.9488863,142.6994162,21.02849428,85.68731724,21.73369669,325.4277674,89.27000553,380.0259458,201.1513177,184.5587334,116.5599038
43,86.05549441,107.1393705,72.37963304,289.3637142,144.2366046,20.34493086,85.60654013,21.25024507,328.5947989,88.94460805,386.455663,204.5204137,187.8556281,119.4988071
44,84.49905263,107.469262,70.42767373,298.2679878,145.4245331,19.54555345,86.01181114,20.75465529,329.7910883,88.41901954,391.0242055,207.4662562,190.7677205,122.1170213
45,83.27116254,108.5306616,68.47306938,301.9772651,147.1512321,18.7525674,87.48106944,20.3815493,329.5238264,88.12063839,395.0639253,210.3974599,193.0374472,124.2418168
46,82.90116119,110.6173964,67.0733984,298.833647,150.0224241,18.05420238,90.3314989,20.21726009,328.2050351,88.34805513,399.4641777,213.5284285,194.4897145,125.7174859
47,83.0966302,113.2242592,66.28868094,291.2854074,153.5145992,17.40278536,93.8372623,20.15496465,325.8660587,88.88462887,403.3423303,216.296722,195.2793063,126.4564111
48,83.35971239,115.6462836,66.05454755,282.8073633,156.8219397,16.71666766,97.01176715,20.03955102,322.4430724,89.3849109,405.372754,217.9456898,195.6434763,126.3879968
49,83.19255054,117.1785034,66.3066288,276.8743315,159.1386276,15.91420056,98.86842094,19.71590723,317.8722514,89.50345248,404.2298195,217.718681,195.819478,125.4416479
50,82.20661268,117.2651026,66.95695024,275.8050682,159.782269,14.9208397,98.6581627,19.0742377,312.1023339,88.9740749,398.9714296,215.1058725,195.8623781,123.5449751
51,80.45066788,115.9468654,67.82311745,277.2940854,158.5641658,13.69045811,96.58205744,18.18601255,305.1323104,87.84767949,390.1896144,210.5847512,195.0984953,120.6184149
52,78.08281041,113.4137261,68.699131,277.8798343,155.4190435,12.18403314,93.0787017,17.16801831,296.9737342,86.2544376,378.8599362,204.8796318,192.6719617,116.5806099
53,75.26113458,109.855619,69.37899145,274.1007658,150.2816278,10.36254216,88.58669202,16.13704151,287.6381589,84.32452058,365.9579569,198.7148288,187.7269091,111.3502027
54,72.12752839,105.5241972,69.657603,263.6825713,143.2294782,8.266967837,83.541703,15.18943295,277.1982707,82.14475398,352.2590586,192.706376,179.7159881,104.9498005
55,68.75905467,100.9179884,69.33348435,249.0999019,134.9114886,6.258314132,78.36772152,14.33980047,265.9712872,79.62858011,337.737903,187.0371831,169.3259236,97.81786876
56,65.21656996,96.59723927,68.2060578,234.0146491,126.119387,4.77759032,73.48581252,13.5823162,254.3355585,76.64609549,322.1689717,181.7818793,157.5519593,90.49683757
57,61.5609308,93.12219622,66.07474567,222.0887042,117.644901,4.265805678,69.31704095,12.91115228,242.6694351,73.06739664,305.3267463,177.0150934,145.3893389,83.52913694
58,57.83551898,90.77473924,62.85406648,215.6690186,109.9810281,4.968972296,66.07204836,12.30554827,231.018083,68.79583479,286.9401901,172.4993522,133.5521867,77.26450017
59,54.0138173,88.72328211,58.91892353,211.8427839,102.4258438,6.353113535,63.11978269,11.68501356,218.0939316,63.86778004,266.5561929,166.7487734,121.6301502,71.28187358
60,50.0518338,85.85787205,54.75931631,206.3822517,93.97869352,7.689255567,59.61876848,10.95412499,202.2762261,58.35285721,243.6761261,157.9653728,108.9317579,64.96750673
61,45.90557651,81.06855626,50.86524432,195.0596737,83.63892234,8.248424567,54.72753027,10.0174594,181.9442117,52.32069112,217.8013613,144.3511658,94.76553803,57.70764919
62,41.50568316,73.55047376,47.5015599,174.8868534,70.80276888,7.518287383,47.8817204,8.811890649,156.1843914,45.84046924,188.7276353,124.8550766,78.77278835,49.11271771
63,36.68131011,63.71913081,44.03252677,147.8338023,56.45404504,5.853073559,39.62550236,7.403480642,126.9122987,38.97962961,157.428147,101.4136637,61.9258844,39.68979772
64,31.23624343,52.29512543,39.59726149,117.1100839,41.9734561,3.823653313,30.78016746,5.890588311,96.75072478,31.80517294,125.1704604,76.71039411,45.52997115,30.17014181
65,24.97426915,39.99905568,33.33488062,85.92526148,28.7417073,2.000896861,22.167007,4.371572587,68.32246103,24.38409991,93.22213975,53.42873476,30.89019358,21.2850026
66,17.8897039,27.60659363,24.8095549,57.16696696,17.89079737,0.82775895,14.50711379,2.941759213,43.86907471,16.88382281,62.94647112,33.81172237,19.06176948,13.66071604
67,10.73898659,16.11370741,15.28567179,32.43510575,9.557898839,0.235532437,8.120786677,1.684341192,24.10723738,9.87340029,36.08962801,18.34067237,10.10020791,7.503951563
68,4.469086708,6.571439183,6.452672945,13.00765169,3.631477717,0.02759471,3.228126051,0.679478343,9.372396611,4.022302606,14.49350584,7.056469877,3.811090789,2.916461954
69,0.026973729,0.030831108,0,0.162578609,0,0.007323155,0.049232284,0.00733048,0,0,0,7.11E-15,0,3.55E-15
70,0,0,0,0,0,0.011369435,0,0,0,0,0,0,0,0
71,0,0,0,0,0,0.00948231,0,0,0,0,0,0,0,0
72,0,0,0,0,0,0.004684819,0,0,0,0,0,0,0,0
73,0,0,0,0,0,0,0,0,0,0,0,0,0,0
74,0,0,0,0,0,0,0,0,0,0,0,0,0,0
75,0,0,0,0,0,0,0,0,0,0,0,0,0,0
76,0,0,0,0,0,0,0,0,0,0,0,0,0,0
77,0,0,0,0,0,0,0,0,0,0,0,0,0,0
78,0,0,0,0,0,0,0,0,0,0,0,0,0,0
79,0,0,0,0,0,0,0,0,0,0,0,0,0,0
80,0,0,0,0,0,0,0,0,0,0,0,0,0,0
81,0,0,0,0,0,0,0,0,0,0,0,0,0,0
82,0,0,0,0,0,0,0,0,0,0,0,0,0,0
83,0,0,0,0,0,0,0,0,0,0,0,0,0,0
84,0,0,0,0,0,0,0,0,0,0,0,0,0,0
85,0,0,0,0,0,0,0,0,0,0,0,0,0,0
86,0,0,0,0,0,0,0,0,0,0,0,0,0,0
87,0,0,0,0,0,0,0,0,0,0,0,0,0,0
88,0,0,0,0,0,0,0,0,0,0,0,0,0,0
89,0,0,0,0,0,0,0,0,0,0,0,0,0,0
90,0,0,0,0,0,0,0,0,0,0,0,0,0,0
91,0,0,0,0,0,0,0,0,0,0,0,0,0,0
92,0,0,0,0,0,0,0,0,0,0,0,0,0,0
93,0,0,0,0,0,0,0,0,0,0,0,0,0,0
94,0,0,0,0,0,0,0,0,0,0,0,0,0,0
95,0,0,0,0,0,0,0,0,0,0,0,0,0,0
96,0,0,0,0,0,0,0,0,0,0,0,0,0,0
97,0,0,0,0,0,0,0,0,0,0,0,0,0,0
98,0,0,0,0,0,0,0,0,0,0,0,0,0,0
99,0,0,0,0,0,0,0,0,0,0,0,0,0,0
100,0,0,0,0,0,0,0,0,0,0,0,0,0,0
101,0,0,0,0,0,0,0,0,0,0,0,0,0,0
102,0,0,0,0,0,0,0,0,0,0,0,0,0,0
103,0,0,0,0,0,0,0,0,0,0,0,0,0,0
104,0,0,0,0,0,0,0,0,0,0,0,0,0,0
105,0,0,0,0,0,0,0,0,0,0,0,0,0,0
106,0,0,0,0,0,0,0,0,0,0,0,0,0,0
107,0,0,0,0,0,0,0,0,0,0,0,0,0,0
108,0,0,0,0,0,0,0,0,0,0,0,0,0,0
109,0,0,0,0,0,0,0,0,0,0,0,0,0,0
110,0,0,0,0,0,0,0,0,0,0,0,0,0,0
111,0,0,0,0,0,0,0,0,0,0,0,0,0,0
112,0,0,0,0,0,0,0,0,0,0,0,0,0,0
113,0,0,0,0,0,0,0,0,0,0,0,0,0,0
114,0,0,0,0,0,0,0,0,0,0,0,0,0,0
115,0,0,0,0,0,0,0,0,0,0,0,0,0,0
116,0,0,0,0,0,0,0,0,0,0,0,0,0,0
117,0,0,0,0,0,0,0,0,0,0,0,0,0,0
118,0,0,0,0,0,0,0,0,0,0,0,0,0,0
119,0,0,0,0,0,0,0,0,0,0,0,0,0,0
120,0,0,0,0,0,0,0,0,0,0,0,0,0,0
121,0,0,0,0,0,0,0,0,0,0,0,0,0,0
122,0.601276942,8.380281315,6.556162038,2.435925384,0.875046785,0,2.454228379,0,15.96332498,2.952207011,11.93290643,17.11313461,7.890696756,3.585936634
123,2.170271701,20.32264373,15.71205579,7.034634137,2.888522325,0,6.274684323,0,39.31524401,7.39589099,29.80852017,40.89656098,19.55663302,9.202988213
124,5.379016425,34.15636075,25.95267561,14.56414309,6.718309329,0,11.3313109,0,67.54411887,13.00561773,52.21592121,67.2671822,33.89312952,16.69991688
125,10.89954326,48.21070587,35.76301584,25.79246909,13.04229051,0,17.49405117,0,98.13831135,19.45595301,77.74418955,92.14190131,49.79550701,25.92548476
126,19.08312208,61.06583984,43.89875403,41.31988434,22.30726896,1.879535055,24.62096199,3.38980788,128.8308874,26.44846262,105.1105737,112.2718357,66.28567262,36.61895518
127,28.99797361,72.30547231,50.19830036,61.07568255,34.03572934,4.544766626,32.52255543,7.967210446,158.3337296,33.79271222,133.5449962,127.7449601,82.89187911,48.08159618
128,39.39155629,81.7642002,54.77074821,84.82141281,47.51907671,7.606293293,40.99745733,12.77477376,185.6034248,41.3252675,162.4055483,139.4834634,99.26896563,59.50517699
129,49.0113286,89.27662041,57.72519095,112.3186242,62.04871611,10.67471363,49.84429355,16.85506388,209.5965598,48.8826941,191.050321,148.4095347,115.0717713,70.08146685
130,56.89888055,94.78712561,59.2777108,142.9503336,76.93205206,13.42339459,58.79834516,19.48176757,229.6200112,56.2953822,218.9167955,155.4041319,129.9523098,79.1718565
131,63.2723286,98.67929148,60.07234535,174.5854291,91.54048699,15.77677662,67.34151413,20.85305435,246.3818156,63.36901998,245.7600122,161.1832892,143.5512923,86.81622277
132,68.64392075,101.4464895,60.86012105,204.7142664,105.2614228,17.72206851,74.89235764,21.39821446,260.9402993,69.90312012,271.4144017,166.4218099,155.5066045,93.22406402
133,73.52590504,103.582091,62.39206434,230.8272014,117.4822614,19.24647908,80.86943289,21.54653811,274.3537888,75.69719531,295.7143947,171.7944969,165.4561323,98.6048786
134,78.26077302,105.4734583,65.14504466,251.1579356,127.7243157,20.34449215,84.85221004,21.6474776,287.3791609,80.57070158,318.3948632,177.7807225,173.1875517,103.1647139
135,82.51199029,107.0839164,68.49930341,266.9135531,136.044543,21.03969159,87.06381115,21.73113349,299.5674943,84.42286835,338.7924456,184.0781338,179.0877008,107.0958135
136,85.77326601,108.2707808,71.56092502,280.0444839,142.6338117,21.36293627,87.88827127,21.74776841,310.1684181,87.17286839,356.1442219,190.1889472,183.6932081,110.5869701
137,87.53830932,108.8913674,73.43599389,292.5011577,147.68299,21.34508508,87.70962543,21.647645,318.4315615,88.73987447,369.6872723,195.6153787,187.5407022,113.8269762
138,87.5175746,108.8941235,73.49784384,305.5256516,151.4163464,21.02948501,86.96135758,21.40209714,323.8285263,89.14078691,379.0113805,200.0100266,191.0624808,116.9481985
139,86.28849731,108.5920232,72.18880633,317.5266314,154.1917489,20.50943557,86.27474732,21.06674375,326.7188063,88.78341631,385.117146,203.627017,194.2735195,119.8573003
140,84.64525813,108.389172,70.21846221,326.2044098,156.4004656,19.89072441,86.33052314,20.71827503,327.6838676,88.17330083,389.3578721,206.8708583,197.084463,122.4045188
141,83.38203777,108.6896756,68.29639235,329.2592999,158.4337648,19.27913914,87.80941355,20.43338114,327.3051769,87.81597863,393.0868621,210.1460585,199.4059561,124.4400912
142,83.06849523,109.7581992,66.99360643,325.3735495,160.5788505,18.74218518,91.08016752,20.26043056,326.0502106,88.07098456,397.2154412,213.6453274,201.1699401,125.8296748
143,83.3762028,111.3016452,66.32682946,317.1571472,162.7066715,18.19423899,95.26361588,20.13450487,323.9304866,88.71384021,400.8870213,216.7141811,202.3935429,126.5006065
144,83.75221108,112.8874757,66.17421529,308.2020166,164.5841124,17.51139478,99.16860992,19.96236395,320.8435328,89.37406386,402.8030362,218.486337,203.1151884,126.3956431
145,83.64357068,114.0831525,66.41391774,302.1000812,165.978058,16.56974678,101.6040009,19.65076768,316.686877,89.68117382,401.6649195,218.0955126,203.373301,125.4575416
146,82.6242617,114.5049368,66.92928839,301.216086,166.6065451,15.27334045,101.6616717,19.12976819,311.3756083,89.34030652,396.5509364,214.9771989,203.0888203,123.6192202
147,80.77598221,113.9642857,67.62446969,303.0060616,165.9922191,13.63802613,99.5656312,18.42258672,304.895059,88.35907104,388.0466774,209.7739793,201.7127486,120.7742432
148,78.3073598,112.3214555,68.40880184,303.6988602,163.6088778,11.70760539,95.82291966,17.5757368,297.2481225,86.82069465,377.1145645,203.4302107,198.5786034,116.8063361
149,75.42702204,109.4367027,69.19162503,299.5233337,158.9303187,9.525879813,90.94057752,16.63573194,288.4376923,84.80840458,364.7170194,196.89025,193.0199024,111.5992246
150,72.31224364,105.3133543,69.83778406,287.9865457,151.6800848,7.204025656,85.4219425,15.65226817,278.5096567,82.38457898,351.6009863,190.9296194,184.6320584,105.1530817
151,69.01488783,100.5270212,70.0341422,271.7084051,142.5807009,5.122717909,79.75554188,14.68777166,267.681885,79.52819958,337.6514978,185.6485031,174.0580648,97.93387003
152,65.555465,95.79638525,69.4230673,254.5870327,132.6044375,3.730006243,74.4262003,13.80785111,256.2152412,76.19739901,322.5381086,180.9782507,162.2028103,90.52399939
153,61.95448549,91.84012814,67.64692726,240.5205488,122.7235647,3.473940332,69.91874238,13.07811519,244.3705895,72.35030989,305.9303735,176.8502116,149.9711833,83.50587977
154,58.2253557,89.07342075,64.50700459,232.0584179,113.6081679,4.586950639,66.49053361,12.52756115,232.1481699,67.95603622,287.4959516,172.9098245,137.999132,77.2583777
155,54.35306603,86.6973903,60.44024052,226.3554802,104.7195935,6.438990793,63.4891028,12.03874032,218.5057253,63.02756739,266.8949197,167.658884,125.8468426,71.34618612
156,50.31550291,83.60965313,56.04249093,219.2179196,95.21700281,8.18439521,60.03451957,11.45759261,202.1403742,57.58886417,243.7854588,159.3132737,112.805561,65.1304546
157,46.09055277,78.70782557,51.90961169,206.45192,84.25955728,8.977498311,55.24685358,10.6300579,181.7492353,51.66388733,217.8257499,146.0888773,98.16653281,57.97233269
158,41.62675913,71.19314448,48.38760938,185.0700893,71.33491648,8.227195682,48.52368067,9.448459197,156.6128722,45.28457835,188.9170558,126.934419,81.57005682,49.45996646
159,36.7552939,61.48132882,44.82309325,156.9107305,57.24473262,6.360627591,40.37260156,7.990651927,128.3456288,38.51480159,157.9329654,103.7299853,64.05264325,40.08948812
160,31.27798609,50.29171806,40.31282324,125.0185706,43.11915607,4.059495472,31.57872318,6.380874637,99.1452941,31.42640211,125.9901493,79.08850315,46.99985523,30.58402641
161,24.9966647,38.3436517,33.95355929,92.43833655,30.08833721,2.005500762,22.92715245,4.743365874,71.20965704,24.09122499,94.20527791,55.62289962,31.7972559,21.66671005
162,17.90338555,26.39866518,25.2801588,61.9671232,19.10249442,0.725933282,15.11867048,3.196298666,46.48541495,16.6792459,63.83598041,35.5433234,19.56165827,13.96158227
163,10.75111163,15.3870778,15.57986897,35.41149773,10.39211825,0.130436401,8.516755114,1.833583985,25.91489863,9.752962919,36.70372025,19.44880995,10.33487482,7.696344225
164,4.483032778,6.281404822,6.578034483,14.33039535,4.007767254,0,3.400558374,0.743067291,10.18934725,3.973004726,14.77091943,7.535616438,3.889967946,2.999611584
165,0.042338795,0.05416152,0,0.282751237,0,0.012581457,0.049232284,0.012594041,1.42E-14,0,0,0,0,0
166,0,0,0,0,0,0.044188216,0,0,0,0,0,0,0,0
167,0,0,0,0,0,0.041800471,0,0,0,0,0,0,0,0
168,0,0,0,0,0,0.021657855,0,0,0,0,0,0,0,0
169,0,0,0,0,0,0,0,0,0,0,0,0,0,0
170,0,0,0,0,0,0,0,0,0,0,0,0,0,0
171,0,0,0,0,0,0,0,0,0,0,0,0,0,0
172,0,0,0,0,0,0,0,0,0,0,0,0,0,0
173,0,0,0,0,0,0,0,0,0,0,0,0,0,0
174,0,0,0,0,0,0,0,0,0,0,0,0,0,0
175,0,0,0,0,0,0,0,0,0,0,0,0,0,0
176,0,0,0,0,0,0,0,0,0,0,0,0,0,0
177,0,0,0,0,0,0,0,0,0,0,0,0,0,0
178,0,0,0,0,0,0,0,0,0,0,0,0,0,0
179,0,0,0,0,0,0,0,0,0,0,0,0,0,0
180,0,0,0,0,0,0,0,0,0,0,0,0,0,0
181,0,0,0,0,0,0,0,0,0,0,0,0,0,0
182,0,0,0,0,0,0,0,0,0,0,0,0,0,0
183,0,0,0,0,0,0,0,0,0,0,0,0,0,0
184,0,0,0,0,0,0,0,0,0,0,0,0,0,0
185,0,0,0,0,0,0,0,0,0,0,0,0,0,0
186,0,0,0,0,0,0,0,0,0,0,0,0,0,0
187,0,0,0,0,0,0,0,0,0,0,0,0,0,0
188,0,0,0,0,0,0,0,0,0,0,0,0,0,0
189,0,0,0,0,0,0,0,0,0,0,0,0,0,0
190,0,0,0,0,0,0,0,0,0,0,0,0,0,0
191,0,0,0,0,0,0,0,0,0,0,0,0,0,0
192,0,0,0,0,0,0,0,0,0,0,0,0,0,0
193,0,0,0,0,0,0,0,0,0,0,0,0,0,0
194,0,0,0,0,0,0,0,0,0,0,0,0,0,0
195,0,0,0,0,0,0,0,0,0,0,0,0,0,0
196,0,0,0,0,0,0,0,0,0,0,0,0,0,0
197,0,0,0,0,0,0,0,0,0,0,0,0,0,0
198,0,0,0,0,0,0,0,0,0,0,0,0,0,0
199,0,0,0,0,0,0,0,0,0,0,0,0,0,0
200,0,0,0,0,0,0,0,0,0,0,0,0,0,0
201,0,0,0,0,0,0,0,0,0,0,0,0,0,0
202,0,0,0,0,0,0,0,0,0,0,0,0,0,0
203,0,0,0,0,0,0,0,0,0,0,0,0,0,0
204,0,0,0,0,0,0,0,0,0,0,0,0,0,0
205,0,0,0,0,0,0,0,0,0,0,0,0,0,0
206,0,0,0,0,0,0,0,0,0,0,0,0,0,0
207,0,0,0,0,0,0,0,0,0,0,0,0,0,0
208,0,0,0,0,0,0,0,0,0,0,0,0,0,0
209,0,0,0,0,0,0,0,0,0,0,0,0,0,0
210,0,0,0,0,0,0,0,0,0,0,0,0,0,0
211,0,0,0,0,0,0,0,0,0,0,0,0,0,0
212,0,0,0,0,0,0,0,0,0,0,0,0,0,0
213,0,0,0,0,0,0,0,0,0,0,0,0,0,0
214,0,0,0,0,0,0,0,0,0,0,0,0,0,0
215,0,0,0,0,0,0,0,0,0,0,0,0,0,0
216,0,0,0,0,0,0,0,0,0,0,0,0,0,0
217,0,0,0,0,0,0,0,0,0,0,0,0,0,0
218,0.859039229,8.536650289,6.887107052,2.453908708,0.577673321,0,3.115780699,0,15.99233119,2.939088337,11.44263519,17.166915,7.543506753,3.716580347
219,2.77179569,20.68846476,16.47993092,7.172698178,2.21272187,0,7.80257286,0,39.53759705,7.361966432,28.5405051,41.03947632,18.83198752,9.524893989
220,6.33271001,34.73866132,27.15891784,15.02583273,5.692739517,0,13.71345903,0,68.2874139,12.94346797,49.8924945,67.53775958,32.96042879,17.25331482
221,12.13622282,48.9704579,37.30451403,26.88277669,11.80532013,0,20.50152176,8.88E-16,99.89339806,19.35842664,74.09748816,92.5818404,49.02381706,26.73021672
222,20.48478172,61.95064658,45.61818483,43.4320963,21.0659009,2.0920299,27.87591124,3.325619105,132.1564723,26.30621574,99.92344601,112.9121088,66.15621679,37.66571434
223,30.51286228,73.380316,52.08547197,64.63876562,32.90129223,5.053518017,35.77004824,7.822719416,163.4747851,33.58436707,126.8146287,128.5502127,83.64800423,49.29688525
224,41.06294705,83.24412899,57.01293631,90.28686063,46.46614784,8.445403908,44.1734212,12.55908536,192.3957913,41.01495206,154.3843721,140.3381142,100.8286336,60.7425478
225,50.97751859,91.52674835,60.70713869,120.1604573,60.91512147,11.82862713,53.07551852,16.60250136,217.466946,48.42004213,182.2460119,149.1177755,117.0275592,71.12152032
226,59.35495635,98.24732085,63.48986843,153.5942024,75.45817327,14.83372372,62.34721233,19.24374927,237.7321095,55.62775893,210.0067705,155.732278,131.6680215,79.7605458
227,66.3172275,103.562929,65.74382871,188.1250258,89.52648912,17.36961562,71.38490959,20.66560059,254.2207647,62.49042506,237.2494165,161.0291788,144.5484065,86.81806589
228,72.24219609,107.6651394,67.8669512,220.8404283,102.6065614,19.41482124,79.46640093,21.27382425,268.4588,68.86641336,263.550605,165.8571541,155.5608866,92.66044692
229,77.50772622,110.7455185,70.25716758,248.8279105,114.1848823,20.94785901,85.86947701,21.47418915,281.9721038,74.61409665,288.4869911,171.0648801,164.597634,97.65405519
230,82.36190862,112.9853681,73.15437353,270.0301642,123.8668936,21.9645241,90.06367541,21.6032656,295.8661639,79.59186688,311.5874456,177.2477114,171.6642668,102.1190851
231,86.53374078,114.5249314,76.16632095,285.8106462,131.7338343,22.52971873,92.28552147,21.72082938,309.5648658,83.65819234,332.1897033,183.9877171,177.2201852,106.1910437
232,89.62244686,115.4941866,78.74272578,298.3880044,137.9858925,22.72562186,92.96328747,21.81745764,322.0716942,86.67156043,349.5837147,190.6136445,181.8382354,109.9592659
233,91.22725102,116.0231122,80.33330394,309.9808864,142.8232567,22.63441247,92.52524567,21.88372753,332.390134,88.49045854,363.0594303,196.4542412,186.0912633,113.5130868
234,91.13411562,116.2490637,80.53835912,322.0725743,146.4759362,22.3343312,91.46351474,21.91046909,339.744478,89.08538376,372.2783852,201.0390101,190.4044372,116.8950017
235,89.87595575,116.3389042,79.560546,333.2048861,149.2932255,21.88786538,90.52559895,21.88952387,344.2422507,88.87487189,378.3884537,204.700477,194.6122146,119.960147
236,88.17242469,116.4668743,77.75310703,341.1842736,151.65424,21.35356401,90.52284896,21.81298633,346.2117848,88.38946845,382.9090944,207.9719229,198.4013751,122.5168193
237,86.74317572,116.8072143,75.46928464,343.8171891,153.9380953,20.7899761,92.2666154,21.67295091,345.9814128,88.15971893,387.3597662,211.386629,201.4586985,124.3733154
238,86.11643267,117.4750484,73.04403378,339.8664141,156.4129006,20.23249377,96.17069773,21.46067267,343.8957856,88.56548497,392.7389815,215.2217851,203.5518322,125.3835005
239,86.05470148,118.3490366,70.73915946,331.9200487,158.9027403,19.62388165,101.0586905,21.16404928,340.3648279,89.38389267,397.961467,218.7302149,204.7718942,125.5835136
240,86.12905863,119.2487226,68.79817918,323.5225226,161.1206926,18.88374748,105.3566371,20.77013902,335.8147825,90.2413843,401.4210032,220.9086511,205.2908703,125.0550626
241,85.91058061,119.9936504,67.46461045,318.2182655,162.7798356,17.93169901,107.4905809,20.26600017,330.6718926,90.7644021,401.5113702,220.753826,205.2807464,123.8798551
242,85.06024615,120.3815155,66.93965297,318.2871098,163.557783,16.69959316,106.3226228,19.64105121,325.2260128,90.65172835,397.0698401,217.6053403,204.7663052,122.0876304
243,83.59864301,120.1226207,67.25523517,320.9504985,162.99029,15.16828348,102.4590945,18.89415145,319.2214449,89.89150541,388.7076506,212.174267,203.1835183,119.500254
244,81.6362612,118.9054207,68.40096766,322.1652773,160.5776477,13.33087271,96.94238524,18.02652038,312.2661026,88.5442157,377.4795313,205.5145474,199.8211541,115.887623
245,79.28359074,116.4183699,70.36646106,317.888292,155.8201467,11.18046357,90.81488418,17.0393775,303.9678994,86.67034162,364.4402115,198.6801228,193.9679811,111.0196345
246,76.62328846,112.5203122,72.96512256,305.5056516,148.4760801,8.793124796,84.96249889,15.95401178,294.0660663,84.31573273,350.4336386,192.5347317,185.20338,104.8147423
247,73.6266785,107.7516477,75.30554567,288.1205198,139.3357494,6.576789112,79.64521007,14.87199007,282.8251033,81.46770725,335.4606324,187.1813016,174.2691795,97.7856264
248,70.23725184,102.8231657,76.32012048,270.2653233,129.4474584,5.022355257,74.96651671,13.91494867,270.6408277,78.09895057,319.3112307,182.5325574,162.1978208,90.59352342
249,66.39849942,98.44565547,74.94123708,256.4724893,119.8595106,4.620721965,71.02991782,13.2045239,257.9090568,74.18214807,301.775471,178.5012239,150.0217448,83.89967005
250,62.09310703,95.04910706,70.52959138,249.6447386,111.2836758,5.636508072,67.79613694,12.80330539,244.7462148,69.69868679,282.6445633,174.7125304,138.4517323,78.12908841
251,57.46053968,91.94031296,64.15910271,246.1659681,103.0855885,7.429212822,64.65479591,12.53769609,230.1511534,64.6647604,261.7144051,169.6417246,126.911924,72.7619425
252,52.67945721,88.14526635,57.33199619,240.7903686,94.29434887,9.132055559,60.85274109,12.17505226,212.843331,59.10526423,238.7820663,161.4765585,114.5048004,67.04218181
253,47.92851944,82.68996041,51.55049698,228.2721311,83.93905751,9.87825563,55.63681888,11.4827302,191.5422063,53.04509361,213.6446164,148.4047843,100.332842,60.21375581
254,43.29244069,74.85719999,47.80454524,204.9018317,71.4073036,9.059544893,48.51535353,10.2961688,165.5311698,46.51684354,186.2419164,129.3454632,83.89282355,51.77755019
255,38.48015315,64.95703669,45.03494127,173.1155879,57.52063161,7.101705272,40.04258091,8.723137541,136.3493401,39.58390787,157.0849913,106.1428931,66.25869655,42.26219553
256,33.1066435,53.55633378,41.67020038,136.8859025,43.45907483,4.689031205,31.03421476,6.939488554,106.0997679,32.31738011,126.8276576,81.37268109,48.8987067,32.45325863
257,26.78689843,41.22195456,36.13883788,100.1852782,30.40266651,2.505817128,22.30596883,5.121073956,76.88550398,24.78835378,96.12373151,57.61043423,33.28109968,23.13630629
258,19.38178105,28.61751578,27.48005906,66.55412837,19.34660895,1.084311227,14.5726314,3.428210087,50.61518422,17.16996719,65.90955388,37.05436518,20.59913036,14.99534783
259,11.73566023,16.79364819,17.1758291,37.80450844,10.54678047,0.348576678,8.145288872,1.959070156,28.41978554,10.04353784,38.25156372,20.39310921,10.94609021,8.308162673
260,4.93878126,6.897735996,7.318803154,15.31638427,4.074228374,0.070630404,3.234102188,0.796291592,11.23587008,4.092428018,15.49872458,7.937907184,4.140279877,3.250972749
261,0.081389453,0.077163435,0.001636371,0.469721744,0,0.022489328,0.049232284,0.022511823,0,3.55E-15,0,0,0,0
262,0,0,0,0,0,0.014165444,0,0,0,0,0,0,0,0
263,0,0,0,0,0,0.00765103,0,0,0,0,0,0,0,0
264,0,0,0,0,0,0.002933432,0,0,0,0,0,0,0,0
265,0,0,0,0,0,0,0,0,0,0,0,0,0,0
266,0,0,0,0,0,0,0,0,0,0,0,0,0,0
267,0,0,0,0,0,0,0,0,0,0,0,0,0,0
268,0,0,0,0,0,0,0,0,0,0,0,0,0,0
269,0,0,0,0,0,0,0,0,0,0,0,0,0,0
270,0,0,0,0,0,0,0,0,0,0,0,0,0,0
271,0,0,0,0,0,0,0,0,0,0,0,0,0,0
272,0,0,0,0,0,0,0,0,0,0,0,0,0,0
273,0,0,0,0,0,0,0,0,0,0,0,0,0,0
274,0,0,0,0,0,0,0,0,0,0,0,0,0,0
275,0,0,0,0,0,0,0,0,0,0,0,0,0,0
276,0,0,0,0,0,0,0,0,0,0,0,0,0,0
277,0,0,0,0,0,0,0,0,0,0,0,0,0,0
278,0,0,0,0,0,0,0,0,0,0,0,0,0,0
279,0,0,0,0,0,0,0,0,0,0,0,0,0,0
280,0,0,0,0,0,0,0,0,0,0,0,0,0,0
281,0,0,0,0,0,0,0,0,0,0,0,0,0,0
282,0,0,0,0,0,0,0,0,0,0,0,0,0,0
283,0,0,0,0,0,0,0,0,0,0,0,0,0,0
284,0,0,0,0,0,0,0,0,0,0,0,0,0,0
285,0,0,0,0,0,0,0,0,0,0,0,0,0,0
286,0,0,0,0,0,0,0,0,0,0,0,0,0,0
287,0,0,0,0,0,0,0,0,0,0,0,0,0,0
288,0,0,0,0,0,0,0,0,0,0,0,0,0,0
289,0,0,0,0,0,0,0,0,0,0,0,0,0,0
290,0,0,0,0,0,0,0,0,0,0,0,0,0,0
291,0,0,0,0,0,0,0,0,0,0,0,0,0,0
292,0,0,0,0,0,0,0,0,0,0,0,0,0,0
293,0,0,0,0,0,0,0,0,0,0,0,0,0,0
294,0,0,0,0,0,0,0,0,0,0,0,0,0,0
295,0,0,0,0,0,0,0,0,0,0,0,0,0,0
296,0,0,0,0,0,0,0,0,0,0,0,0,0,0
297,0,0,0,0,0,0,0,0,0,0,0,0,0,0
298,0,0,0,0,0,0,0,0,0,0,0,0,0,0
299,0,0,0,0,0,0,0,0,0,0,0,0,0,0
300,0,0,0,0,0,0,0,0,0,0,0,0,0,0
301,0,0,0,0,0,0,0,0,0,0,0,0,0,0
302,0,0,0,0,0,0,0,0,0,0,0,0,0,0
303,0,0,0,0,0,0,0,0,0,0,0,0,0,0
304,0,0,0,0,0,0,0,0,0,0,0,0,0,0
305,0,0,0,0,0,0,0,0,0,0,0,0,0,0
306,0,0,0,0,0,0,0,0,0,0,0,0,0,0
307,0,0,0,0,0,0,0,0,0,0,0,0,0,0
308,0,0,0,0,0,0,0,0,0,0,0,0,0,0
309,0,0,0,0,0,0,0,0,0,0,0,0,0,0
310,0,0,0,0,0,0,0,0,0,0,0,0,0,0
311,0,0,0,0,0,0,0,0,0,0,0,0,0,0
312,0,0,0,0,0,0,0,0,0,0,0,0,0,0
313,0,0,0,0,0,0,0,0,0,0,0,0,0,0
314,1.063699761,8.777696304,7.067670081,3.504526094,0.972614295,0,3.094845764,0,16.749208,3.248062683,12.32347476,17.38882588,8.329050907,3.917816395
315,3.262760897,21.27189159,16.89810548,9.612336639,3.025604369,0,7.763723366,0,41.43370809,8.130671081,30.5488312,41.52868702,20.59735882,9.980528371
316,7.144875249,35.71649907,27.81384737,18.86315895,6.70672974,0,13.67714287,0,71.62165801,14.28266103,52.9572785,68.24100159,35.58804677,17.94039043
317,13.25773466,50.34543195,38.1374369,31.79672034,12.56374993,0,20.50561433,4.44E-16,104.8812155,21.33886835,77.83002584,93.34718774,52.08423779,27.54965706
318,21.86518827,63.6783403,46.52397054,48.86279077,20.9662595,2.333122944,27.95421475,3.602612536,138.8870033,28.94938263,103.7271486,113.5348834,69.01862618,38.46052001
319,32.09571447,75.37782162,52.95876592,70.15131076,31.57119326,5.586097355,35.86628884,8.458312177,171.7395044,36.82530844,130.324187,128.9566053,85.92219118,49.92491993
320,42.79394895,85.39221026,57.75969602,95.66226351,43.85732104,9.213879119,44.11974824,13.53948224,201.6456665,44.69300408,157.5755476,140.6310899,102.4754833,61.09473471
321,52.80452739,93.6698406,61.24463377,125.3956322,57.3034127,12.67142412,52.59250458,17.81850604,226.8124377,52.27882787,185.4356369,149.5770739,118.359053,71.12184225
322,61.23673073,100.2259802,63.76166498,158.832994,71.36390735,15.52293049,61.08042689,20.52076688,246.0929441,59.3565376,213.7103476,156.7338781,133.2262011,79.38108406
323,68.2584208,105.3436292,65.7797269,193.3823023,85.39592121,17.7695653,69.0512137,21.883648,260.9250248,65.88948905,241.6115182,162.7231613,146.6212298,86.13915613
324,74.30210471,109.3727212,67.79796963,225.9331045,98.73223978,19.52173787,75.8905209,22.39753264,273.3926973,71.88843749,268.2024734,168.0871667,158.0611913,91.88571809
325,79.80028954,112.6631895,70.31554327,253.374948,110.7056485,20.88985751,80.9840044,22.55280403,285.5799789,77.36413818,292.546538,173.3681376,167.0631383,97.11042954
326,85.03947338,115.5006918,73.63847466,273.5422216,120.8007141,21.9646339,83.94355793,22.74701204,298.9934824,82.2881713,313.8679904,178.9847975,173.4009038,102.2003477
327,89.72211839,117.9137832,77.30029768,288.0486799,129.1091275,22.75797815,85.28602648,23.0063731,312.8302016,86.4754166,332.0349233,184.8617913,177.8754444,107.1321199
328,93.40467772,119.8667428,80.64142296,299.4529188,135.874361,23.2621017,85.75449286,23.26427028,325.7097255,89.70157875,347.0763832,190.8002443,181.5444973,111.7797911
329,95.64360451,121.3238499,83.00226112,310.3135341,141.3398866,23.46921601,86.09203988,23.45408664,336.2516434,91.74236239,359.0214164,196.6012818,185.4658,116.0174064
330,96.17742148,122.2693775,83.87886068,322.3566666,145.7460141,23.38347254,86.92024743,23.52587374,343.3788107,92.49131245,368.0587997,202.0793736,190.4036937,119.7360823
331,95.47292962,122.7675738,83.38982175,333.9786353,149.3204034,23.05678267,88.37468357,23.4963571,347.2271488,92.31333487,375.0162304,207.1023674,195.9489364,122.8952223
332,94.17899948,122.9026809,81.80938233,342.7433041,152.2875519,22.55299781,90.46941345,23.39893076,348.2358454,91.69117585,380.8811363,211.5514556,201.3988899,125.4713014
333,92.94450162,122.7589407,79.41178043,346.2145367,154.871957,21.93596934,93.2185022,23.26698874,346.8440883,91.1075816,386.6409451,215.3078306,206.0509164,127.4407947
334,92.26081543,122.4288238,76.50195162,342.9661408,157.2413349,21.25285999,96.49802587,23.11906166,343.5237455,90.93532105,392.8587668,218.234712,209.3484325,128.7724959
335,91.98935562,122.0377139,73.50762181,335.6116983,159.3362761,20.48407782,99.63210411,22.91422666,338.8774058,91.10725403,398.4004412,220.1234287,211.319075,129.4044734
336,91.83404571,121.719223,70.88721445,327.7747353,161.0405898,19.59334226,101.8068675,22.59669746,333.5403382,91.4462631,401.7074905,220.7473371,212.1365352,129.2671146
337,91.49880927,121.6069633,69.09915301,323.0787775,162.2380853,18.5443727,102.2084466,22.11068781,328.147812,91.77523083,401.2214369,219.8797934,211.9745047,128.2908065
338,90.73404085,121.723688,68.49591747,323.8509934,162.7390306,17.30109759,100.2812071,21.41621553,323.1270448,91.92039125,395.8787517,217.4049461,210.8721495,126.4001639
339,89.47601916,121.6487154,69.00621383,327.2331219,162.0595292,15.82828158,96.5024552,20.5365149,318.0730501,91.7213843,386.5957017,213.6501127,208.3305341,123.4967117
340,87.70749393,120.8505046,70.45280459,329.0705444,159.6421434,14.09089833,91.60773206,19.51062429,312.3727898,91.02120142,374.7835028,209.0534031,203.7161976,119.4762022
341,85.41121492,118.7975151,72.65845225,325.2086424,154.9294354,12.05392151,86.33257897,18.37758206,305.413226,89.66283402,361.8533709,204.0529272,196.3956789,114.234388
342,82.57546521,115.17001,75.30062332,312.9558908,147.6425866,9.771462396,81.31810529,17.18798879,296.7230105,87.53055956,348.8582425,199.0179665,186.0623097,107.7923271
343,79.21066145,110.4954684,77.4756004,295.4731375,138.6172549,7.654182575,76.82769297,16.03869378,286.3975533,84.67379957,335.4179364,194.0424897,173.7165903,100.6723005
344,75.33275365,105.5131732,78.13437009,277.3843241,128.9677172,6.201881236,73.03029204,15.03810853,274.6739541,81.18326164,320.7939923,189.1516374,160.6858139,93.52189507
345,70.95769179,100.9624072,76.22791899,263.3133919,119.8082504,5.914357564,70.09485258,14.29464456,261.7893126,77.14965333,304.2479495,184.3705501,148.2972733,86.9886975
346,66.13125488,97.31046595,71.15617138,256.2376875,111.875789,7.056135551,68.00753948,13.85859064,247.802088,72.64002,285.1955474,179.4730582,137.4253584,81.47082168
347,61.01853776,93.93669577,64.11480226,252.548178,104.3978972,8.950638421,66.02337693,13.54774464,232.0561773,67.62675804,263.6693252,173.2277519,127.1328472,76.36848997
348,55.81446427,89.94845552,56.7484243,246.9892357,96.22479688,10.6860142,63.21460401,13.12178169,213.7168368,62.05860165,239.8560216,164.1519112,116.0296146,70.83245184
349,50.71395824,84.45310411,50.70165017,234.3052332,86.20670967,11.35041092,58.65345974,12.34037693,191.949323,55.88428501,213.9423757,150.7628162,102.7255355,64.01345675
350,45.80634148,76.77532096,47.05447059,210.762791,73.6082683,10.3096006,51.72381176,11.03493739,166.3270269,49.08265487,186.1664108,132.1703089,86.36189756,55.34617608
351,40.75852758,67.10906756,44.62838845,178.7175235,59.35174927,8.039851183,43.05604199,9.323797602,138.0558773,41.75300832,156.9712886,109.8544796,68.20563947,45.4009688
352,35.13182814,55.86562593,41.68028469,142.0472933,44.77384005,5.295054602,33.59216093,7.397023994,108.7499378,34.02475502,126.851455,85.88798037,50.05511263,35.03211577
353,28.48755472,43.4562781,36.46704027,104.629963,31.21122807,2.829102793,24.27417908,5.444682988,80.02327175,26.02730464,96.30135615,62.34346341,33.70866847,25.09389786
354,20.65517277,30.44441929,27.90039016,69.96304742,19.78423359,1.227190778,15.93079098,3.638935401,53.44008941,17.98485238,66.13282504,41.07735806,20.6157405,16.33539289
355,12.53676313,18.00189754,17.51148553,40.02266874,10.74770797,0.399725941,8.937427325,2.080319627,30.36518763,10.50073559,38.42724305,23.08120229,10.83009051,9.084866519
356,5.302560555,7.452674096,7.486331584,16.40460128,4.140135391,0.088418752,3.556202849,0.851468454,12.11350996,4.273077168,15.58337857,9.130311227,4.056562381,3.565381353
357,0.122799758,0.120710203,0.010933538,0.70461934,3.55E-15,0.034979685,0.049232284,0.035014673,0,0,0,7.11E-15,0,0
358,0,0,0,0,0,0.024336178,0,0,0,0,0,0,0,0
359,0,0,0,0,0,0.014283542,0,0,0,0,0,0,0,0
360,0,0,0,0,0,0.005834057,0,0,0,0,0,0,0,0
361,0,0,0,0,0,0,0,0,0,0,0,0,0,0
362,0,0,0,0,0,0,0,0,0,0,0,0,0,0
363,0,0,0,0,0,0,0,0,0,0,0,0,0,0
364,0,0,0,0,0,0,0,0,0,0,0,0,0,0
365,0,0,0,0,0,0,0,0,0,0,0,0,0,0
366,0,0,0,0,0,0,0,0,0,0,0,0,0,0
367,0,0,0,0,0,0,0,0,0,0,0,0,0,0
368,0,0,0,0,0,0,0,0,0,0,0,0,0,0
369,0,0,0,0,0,0,0,0,0,0,0,0,0,0
370,0,0,0,0,0,0,0,0,0,0,0,0,0,0
371,0,0,0,0,0,0,0,0,0,0,0,0,0,0
372,0,0,0,0,0,0,0,0,0,0,0,0,0,0
373,0,0,0,0,0,0,0,0,0,0,0,0,0,0
374,0,0,0,0,0,0,0,0,0,0,0,0,0,0
375,0,0,0,0,0,0,0,0,0,0,0,0,0,0
376,0,0,0,0,0,0,0,0,0,0,0,0,0,0
377,0,0,0,0,0,0,0,0,0,0,0,0,0,0
378,0,0,0,0,0,0,0,0,0,0,0,0,0,0
379,0,0,0,0,0,0,0,0,0,0,0,0,0,0
380,0,0,0,0,0,0,0,0,0,0,0,0,0,0
381,0,0,0,0,0,0,0,0,0,0,0,0,0,0
382,0,0,0,0,0,0,0,0,0,0,0,0,0,0
383,0,0,0,0,0,0,0,0,0,0,0,0,0,0
384,0,0,0,0,0,0,0,0,0,0,0,0,0,0
385,0,0,0,0,0,0,0,0,0,0,0,0,0,0
386,0,0,0,0,0,0,0,0,0,0,0,0,0,0
387,0,0,0,0,0,0,0,0,0,0,0,0,0,0
388,0,0,0,0,0,0,0,0,0,0,0,0,0,0
389,0,0,0,0,0,0,0,0,0,0,0,0,0,0
390,0,0,0,0,0,0,0,0,0,0,0,0,0,0
391,0,0,0,0,0,0,0,0,0,0,0,0,0,0
392,0,0,0,0,0,0,0,0,0,0,0,0,0,0
393,0,0,0,0,0,0,0,0,0,0,0,0,0,0
394,0,0,0,0,0,0,0,0,0,0,0,0,0,0
395,0,0,0,0,0,0,0,0,0,0,0,0,0,0
396,0,0,0,0,0,0,0,0,0,0,0,0,0,0
397,0,0,0,0,0,0,0,0,0,0,0,0,0,0
398,0,0,0,0,0,0,0,0,0,0,0,0,0,0
399,0,0,0,0,0,0,0,0,0,0,0,0,0,0
400,0,0,0,0,0,0,0,0,0,0,0,0,0,0
401,0,0,0,0,0,0,0,0,0,0,0,0,0,0
402,0,0,0,0,0,0,0,0,0,0,0,0,0,0
403,0,0,0,0,0,0,0,0,0,0,0,0,0,0
404,0,0,0,0,0,0,0,0,0,0,0,0,0,0
405,0,0,0,0,0,0,0,0,0,0,0,0,0,0
406,0,0,0,0,0,0,0,0,0,0,0,0,0,0
407,0,0,0,0,0,0,0,0,0,0,0,0,0,0
408,0,0,0,0,0,0,0,0,0,0,0,0,0,0
409,0,0,0,0,0,0,0,0,0,0,0,0,0,0
410,1.231030854,8.804292581,7.077494467,3.731539981,0.969857216,0,3.053312054,0,16.5693602,3.132628257,12.32318603,17.35522899,8.965371354,4.042143725
411,3.635509874,21.32780206,16.91973588,10.17145608,3.019528283,0,7.687479225,0,40.97211346,7.866862555,30.53041852,41.44849353,22.05594372,10.2891736
412,7.69103054,35.78959054,27.84486672,19.82377853,6.698000688,0,13.60851087,0,70.78396794,13.87848474,52.8832678,68.10933406,37.8339861,18.47650254
413,13.87518634,50.40872016,38.17102947,33.19253755,12.55426192,0.405729584,20.52241636,0.785328999,103.5806318,20.84327664,77.64330424,93.16729102,54.86176747,28.3395435
414,22.40377219,63.69544907,46.55021353,50.69724927,20.95624035,2.698500758,28.1555142,4.302595367,137.039298,28.43925367,103.3650962,113.3158141,71.91060167,39.50133526
415,32.44538881,75.32481966,52.96979598,72.41937347,31.54762799,5.847420403,36.31535956,8.947607911,169.2430987,36.35336544,129.775204,128.7039895,88.5879819,51.13542008
416,42.90683834,85.26307037,57.75100082,98.35585585,43.7910577,9.35015411,44.82981679,13.77801933,198.3766509,44.27479514,156.8931862,140.3448129,104.7104462,62.30296607
417,52.69492296,93.47643963,61.21505204,128.5036421,57.1491624,12.70436747,53.52675019,17.85148234,222.6245717,51.89272596,184.738601,149.2512798,120.0945326,72.06514135
418,60.96504381,99.99294133,63.71282051,162.3307149,71.06833766,15.50650039,62.15561901,20.45760195,240.8085465,58.94955589,213.1557629,156.3586928,134.5050163,79.75700696
419,67.86699813,105.0876913,65.71376452,197.189205,84.93002997,17.74808996,70.15226211,21.81379242,254.2985346,65.4005422,241.2880099,162.2915835,147.4996203,85.80919574
420,73.79918213,109.0975807,67.71698923,229.9022803,98.09944851,19.5194476,76.87411327,22.36942033,265.1015637,71.25415696,268.1034361,167.5967906,158.5843051,90.92623344
421,79.15999206,112.3595008,70.22159979,257.2931084,109.9418024,20.91088472,81.67860625,22.57385227,275.2246619,76.51887228,292.5701354,172.8211525,167.2650307,95.81264584
422,84.21714523,115.1512225,73.53321482,277.1478953,119.9649792,21.99721612,84.17487927,22.79223317,286.2024795,81.18156268,313.8463045,178.3877911,173.3068863,100.9993187
423,88.71564337,117.5140348,77.18350679,291.1049987,128.247579,22.79127022,84.97888823,23.05282142,297.6801588,85.14271257,331.8505506,184.2249606,177.5114759,106.3225776
424,92.26980929,119.4301064,80.51066163,301.7658145,135.0108805,23.29037882,84.9582935,23.29965378,308.8304645,88.28120882,346.6915835,190.1371979,180.9395324,111.4451083
425,94.49396581,120.881606,82.85286528,311.7317387,140.4761622,23.4918737,84.98075542,23.47676699,318.8261615,90.4759383,358.4781131,195.9290404,184.6517887,116.0295963
426,95.16101542,121.8644824,83.70511668,322.7830589,144.8679679,23.40391227,85.75848682,23.54262704,326.930035,91.67468055,367.4547528,201.4220484,189.4191946,119.8102961
427,94.67817934,122.4298056,83.18966688,333.4156292,148.4239026,23.07795428,87.38191036,23.51341688,332.7649511,92.10078577,374.4097305,206.5058749,194.8535678,122.8077369
428,93.61125847,122.6424258,81.5855799,341.3041958,151.3848364,22.57628507,89.7860012,23.41974868,336.043796,92.04649685,380.2671776,211.0871959,200.2769426,125.1140163
429,92.52605372,122.5671931,79.17191981,344.1235047,153.9916396,21.96118999,92.90573448,23.29223461,336.4794561,91.80405664,385.9512256,215.0726877,205.0113538,126.8212325
430,91.85639104,122.281954,76.25702547,340.5245845,156.42207,21.27876551,96.55033582,23.14721427,334.0196194,91.61241581,391.9928654,218.3347093,208.5087301,127.9912203
431,91.50819665,121.9165403,73.26633512,333.063595,158.6014358,20.51035259,100.0260327,22.9439368,329.55118,91.49735613,397.3505252,220.6083515,210.7405777,128.5647634
432,91.25542185,121.6137801,70.65456183,325.2729789,160.3919328,19.62110332,102.5133032,22.62737876,324.1958337,91.43136714,400.5894928,221.5943884,211.8082968,128.4523823
433,90.87201791,121.5165016,68.87641865,320.6851786,161.6557568,18.5761698,103.1926252,22.14251672,319.0752763,91.38693839,400.2750558,220.9935937,211.8132878,127.5645979
434,90.15683613,121.6541606,68.2817697,321.5416389,162.1878438,17.34003821,101.4989002,21.45001728,314.9590309,91.30431273,395.4168912,218.6419345,210.7407428,125.8071717
435,89.00832788,121.6027238,68.80108331,324.9198139,161.514092,15.87453107,97.8847241,20.57330731,311.2079301,90.99474619,386.8022336,214.9161509,208.1110201,123.0668288
436,87.34984454,120.8247859,70.25997887,326.6061599,159.0931397,14.14080503,93.05711612,19.55150369,306.8306339,90.2372481,375.6627069,210.3281762,203.3282699,119.2255352
437,85.10473749,118.7829413,72.48407575,322.3871331,154.3836253,12.10001668,87.7230956,18.42372334,300.8358022,88.81082779,363.2299349,205.3899436,195.7966421,114.1652569
438,82.2258564,115.1549476,75.15296077,309.5687191,147.1178939,9.80433806,82.50866281,17.24052237,292.4869057,86.55548166,350.4265371,200.516862,185.2440281,107.8938657
439,78.78404418,110.4792133,77.36209036,291.53502,138.1231172,7.670002706,77.71574194,16.09821369,282.0666589,83.55515434,336.9391157,195.7382421,172.6932841,100.9228565
440,74.87964202,105.5093099,78.06088841,273.1896674,128.5001732,6.204259561,73.56523811,15.10454944,270.1125867,79.95477753,322.1452681,190.9868703,159.4910075,93.88963011
441,70.6129911,100.9988091,76.19877878,259.4362926,119.3499404,5.914357564,70.27805647,14.36728173,257.1622144,75.89928292,305.422592,186.1955328,146.9837956,87.43158722
442,66.08191998,97.42474563,71.17476841,253.4366783,111.4026552,7.069976553,67.88821333,13.93645281,243.4937881,71.49627774,286.2794474,181.0826261,136.0685689,81.9402381
443,61.37420663,94.15800769,64.18619647,251.3852113,103.9059872,8.990519968,65.6821697,13.63126543,228.3484389,66.70407133,264.7472435,174.5089877,125.8435393,76.82353101
444,56.5751164,90.2929468,56.87998521,247.7344295,95.73696428,10.75782215,62.75949774,13.21321246,210.7080188,61.44364854,240.9881518,165.1210653,114.9572418,71.24352372
445,51.76991461,84.92391452,50.90305687,236.9368709,85.77261419,11.45371744,58.21976965,12.44378678,189.5543801,55.63599423,215.1643438,151.5653065,102.0582113,64.36227398
446,46.96602372,77.36132482,47.33399033,214.9916624,73.29315479,10.43828977,51.45580538,11.15481555,164.3254565,49.22601302,187.4860995,133.0357487,86.29189317,55.62488161
447,41.85949466,67.77984157,44.97799093,184.0842864,59.19156377,8.18462145,43.03341613,9.459463148,136.283509,42.25428852,158.3561334,110.9167875,68.79137452,45.60861448
448,36.06853548,56.5701911,42.07192064,147.9468145,44.7640088,5.444044403,33.81166087,7.541228258,107.1468805,34.78532411,128.2252683,87.14040809,51.18665279,35.17378253
449,29.21135422,44.12309974,36.85264143,110.3113179,31.30665756,2.967890535,24.64959857,5.583609553,78.63391369,26.88362318,97.54432703,63.63859579,35.10772546,25.18069568
450,21.16693574,30.99190708,28.22025509,74.62206753,19.91097222,1.34055518,16.31709718,3.754808588,52.38200183,18.73494658,67.10262857,42.17119952,21.89318519,16.38291389
451,12.85737214,18.38040579,17.7278226,43.17213202,10.84959298,0.478687364,9.227260551,2.161838435,29.70474047,11.01008504,39.04347552,23.80952311,11.71600523,9.106997255
452,5.465532336,7.65500177,7.591644783,17.96677939,4.190454586,0.131999538,3.704001503,0.896415045,11.83477567,4.50108678,15.84866647,9.452734088,4.45775402,3.572755915
453,0.174285238,0.182100965,0.028022434,1.011277685,0.00149174,0.050204151,0.071232857,0.050254368,0.004753478,3.55E-15,0,0,7.11E-15,3.55E-15
454,0,0,0,0,0,0.024166841,0,0,0,0,0,0,0,0
455,0,0,0,0,0,0.009365994,0,0,0,0,0,0,0,0
456,0,0,0,0,0,0.002433189,0,0,0,0,0,0,0,0
457,0,0,0,0,0,0,0,0,0,0,0,0,0,0
458,0,0,0,0,0,0,0,0,0,0,0,0,0,0
459,0,0,0,0,0,0,0,0,0,0,0,0,0,0
460,0,0,0,0,0,0,0,0,0,0,0,0,0,0
461,0,0,0,0,0,0,0,0,0,0,0,0,0,0
462,0,0,0,0,0,0,0,0,0,0,0,0,0,0
463,0,0,0,0,0,0,0,0,0,0,0,0,0,0
464,0,0,0,0,0,0,0,0,0,0,0,0,0,0
465,0,0,0,0,0,0,0,0,0,0,0,0,0,0
466,0,0,0,0,0,0,0,0,0,0,0,0,0,0
467,0,0,0,0,0,0,0,0,0,0,0,0,0,0
468,0,0,0,0,0,0,0,0,0,0,0,0,0,0
469,0,0,0,0,0,0,0,0,0,0,0,0,0,0
470,0,0,0,0,0,0,0,0,0,0,0,0,0,0
471,0,0,0,0,0,0,0,0,0,0,0,0,0,0
472,0,0,0,0,0,0,0,0,0,0,0,0,0,0
473,0,0,0,0,0,0,0,0,0,0,0,0,0,0
474,0,0,0,0,0,0,0,0,0,0,0,0,0,0
475,0,0,0,0,0,0,0,0,0,0,0,0,0,0
476,0,0,0,0,0,0,0,0,0,0,0,0,0,0
477,0,0,0,0,0,0,0,0,0,0,0,0,0,0
478,0,0,0,0,0,0,0,0,0,0,0,0,0,0
479,0,0,0,0,0,0,0,0,0,0,0,0,0,0
480,0,0,0,0,0,0,0,0,0,0,0,0,0,0
481,0,0,0,0,0,0,0,0,0,0,0,0,0,0
482,0,0,0,0,0,0,0,0,0,0,0,0,0,0
483,0,0,0,0,0,0,0,0,0,0,0,0,0,0
484,0,0,0,0,0,0,0,0,0,0,0,0,0,0
485,0,0,0,0,0,0,0,0,0,0,0,0,0,0
486,0,0,0,0,0,0,0,0,0,0,0,0,0,0
487,0,0,0,0,0,0,0,0,0,0,0,0,0,0
488,0,0,0,0,0,0,0,0,0,0,0,0,0,0
489,0,0,0,0,0,0,0,0,0,0,0,0,0,0
490,0,0,0,0,0,0,0,0,0,0,0,0,0,0
491,0,0,0,0,0,0,0,0,0,0,0,0,0,0
492,0,0,0,0,0,0,0,0,0,0,0,0,0,0
493,0,0,0,0,0,0,0,0,0,0,0,0,0,0
494,0,0,0,0,0,0,0,0,0,0,0,0,0,0
495,0,0,0,0,0,0,0,0,0,0,0,0,0,0
496,0,0,0,0,0,0,0,0,0,0,0,0,0,0
497,0,0,0,0,0,0,0,0,0,0,0,0,0,0
498,0,0,0,0,0,0,0,0,0,0,0,0,0,0
499,0,0,0,0,0,0,0,0,0,0,0,0,0,0
500,0,0,0,0,0,0,0,0,0,0,0,0,0,0
501,0,0,0,0,0,0,0,0,0,0,0,0,0,0
502,0,0,0,0,0,0,0,0,0,0,0,0,0,0
503,0,0,0,0,0,0,0,0,0,0,0,0,0,0
504,0,0,0,0,0,0,0,0,0,0,0,0,0,0
505,0,0,0,0,0,0,0,0,0,0,0,0,0,0
506,1.491679015,9.951489299,7.545501873,3.699371909,0.939578212,0,3.287965748,0,16.81340419,3.421249314,12.32910249,17.6906298,9.427861952,4.230671346
507,4.252864948,23.98011341,18.05692978,10.11507115,2.967157201,0,8.207222262,0,41.56415411,8.536709293,30.54709593,42.23725331,23.09642444,10.73234812
508,8.692806401,39.9319934,29.76162455,19.78158754,6.661176665,0,14.36216991,0.427558524,71.77954957,14.93117734,52.91696172,69.37518252,39.38558618,19.1872725
509,15.22075198,55.65325038,40.88692702,33.23341092,12.6000763,0.812699141,21.35720908,2.382015736,104.9868904,22.18945086,77.7016813,94.83972942,56.6752459,29.27768668
510,23.99389156,69.38323173,49.9862222,50.90307823,21.17286997,3.064929126,28.85436469,5.83213705,138.8554269,29.92027869,103.463676,115.2567327,73.61892082,40.57874576
511,34.16118016,80.93419014,56.9170717,72.81531493,32.01086825,6.109823103,36.74615997,10.19188352,171.6222123,37.82821538,129.9631268,130.8141379,89.96460216,52.23725651
512,44.61951407,90.51160459,61.86308133,98.89289364,44.55595587,9.488390803,44.98274268,14.66161256,201.6662501,45.64176692,157.2596548,142.590417,105.7338996,63.29293864
513,54.2657896,98.32095408,65.00785687,129.0585869,58.25001756,12.74164196,53.51426061,18.44168157,227.3665439,53.08943927,185.4128807,151.6640424,120.948423,72.78551183
514,62.25921812,104.5697294,66.63548301,162.7279424,72.50980874,15.49814617,62.17328616,20.92930127,247.6392035,59.94523877,214.2703947,159.0098093,135.5022982,80.05124366
515,68.80827136,109.4734686,67.43196003,197.2876078,86.65156751,17.7367125,70.32209019,22.30909573,263.5487629,66.16517304,242.8316634,165.1878054,148.7797164,85.61259319
516,74.38373616,113.2497214,68.18376712,229.6170057,99.96640263,19.52370988,77.20536818,22.96254232,276.6968624,71.75075006,269.8841222,170.6544415,160.0373849,90.28856737
517,79.45639932,116.1160378,69.67738346,256.5955588,111.7454229,20.92550724,82.0678156,23.27111843,288.6851421,76.70347779,294.2152068,175.8661283,168.5320111,94.89817313
518,84.34749736,118.2975094,72.43244085,276.0576833,121.4525195,21.99928219,84.43100488,23.54581593,300.7130491,81.01433514,314.8843271,181.1848395,173.8710482,100.0516645
519,88.78006555,120.049396,75.90118165,289.6577697,129.2427135,22.76544699,84.92401622,23.81568466,312.371258,84.63218466,332.0387906,186.5947991,177.0649326,105.5242836
520,92.32758886,121.6344996,79.26900084,300.005202,135.4438084,23.23522258,84.45280678,24.03928894,322.8482501,87.49535983,346.097879,191.9857938,179.4748466,110.8825199
521,94.56355225,123.3156217,81.72129339,309.7093642,140.3836077,23.41982989,83.9233337,24.1751931,331.3325068,89.54219412,357.480874,197.2476105,182.4619725,115.6928625
522,95.23264463,125.2509065,82.64966786,320.5635222,144.3703603,23.33757023,84.10037996,24.19334243,337.1970613,90.75675374,366.6413482,202.2670475,187.0043441,119.6116572
523,94.76437065,127.1798668,82.2705871,331.0964702,147.6340966,23.03506645,85.18403195,24.10920615,340.5531531,91.30603572,374.1700381,206.9189494,192.547403,122.6546748
524,93.75943894,128.7373578,81.00672757,339.0208843,150.3852925,22.56602177,87.23320189,23.94963445,341.6965734,91.4027698,380.6919713,211.0751724,198.1534423,124.9275429
525,92.81855808,129.5582345,79.28076568,342.0494408,152.8344237,21.98413942,90.30680199,23.74147751,340.9231135,91.25968574,386.832175,214.6075729,202.884755,126.5358889
526,92.39954921,129.4285478,77.49062848,338.8439313,155.1393513,21.32775946,94.28041889,23.50076977,338.5453111,91.05512766,392.8873242,217.3819956,206.013068,127.5582397
527,92.3886835,128.7391312,75.93524531,331.86261,157.2474782,20.57376934,98.29633688,23.20028272,334.9426904,90.82989716,397.8406824,219.2402401,207.6478429,127.9647215
528,92.52934464,128.0320137,74.88879614,324.512847,159.0535922,19.68369336,101.3135146,22.80197208,330.5115221,90.59041025,400.3471606,220.0180945,208.107975,127.6983597
529,92.56491633,127.8492246,74.62546091,320.202012,160.4524814,18.61905582,102.2909109,22.26779359,325.6480769,90.34308289,399.06167,219.551347,207.7123596,126.7021802
530,92.25076189,128.4865776,75.29883867,321.0863816,161.252535,17.34360838,100.5146741,21.57088141,320.5819307,90.0621465,393.1179171,217.7500273,206.6096118,124.9081938
531,91.39016312,129.2550258,76.58020485,324.3178591,160.9165466,15.83001223,96.57971137,20.72908348,314.8758807,89.5930941,383.564792,214.8211312,204.2672272,122.2043533
532,89.79838145,129.2193067,78.02025397,325.7972547,158.820911,14.0531559,91.40811976,19.77142618,307.9260292,88.74923415,371.9299805,211.045896,199.9824211,118.4675967
533,87.2906783,127.4441579,79.16968056,321.4253783,154.3420231,11.98792793,85.92199617,18.72693589,299.1284787,87.34387508,359.7411682,206.7055593,193.0524088,113.5748622
534,83.77574502,123.3398994,79.62642785,308.5995248,147.1545052,9.696299487,80.8960949,17.63408334,288.1472249,85.2420759,348.0859911,202.0533759,183.1179266,107.523793
535,79.53599267,117.6991795,79.17743386,290.702928,138.1258903,7.588572148,76.51579949,16.56911665,275.7178369,82.51589777,336.291886,197.2306718,171.1937945,100.7948534
536,74.94726221,111.6602289,77.65688531,272.6153064,128.4219389,6.162130109,72.81915084,15.61772831,262.8437772,79.28915243,323.2462399,192.3507906,158.6383531,93.98921251
537,70.38539461,106.3612782,74.89896895,259.2163788,119.2084116,5.914357564,69.84418983,14.8656108,250.5285083,75.68565159,307.83644,187.5270757,146.8099432,87.70803988
538,66.1302572,102.5560352,70.87251249,253.645991,111.2683253,7.106920983,67.49845474,14.35182673,239.2627811,71.7766632,289.2097564,182.6070004,136.6019511,82.31818142
539,62.07782266,99.46011669,66.08490771,252.0844991,103.853722,9.058615946,65.16747345,13.92891939,227.4865,67.42328004,267.5529928,176.3745562,127.0479442,77.2491895
540,58.02809002,95.90461672,61.17818736,248.9723862,95.83390016,10.8525203,62.10627123,13.40280218,213.126858,62.43405112,243.3128357,167.3478642,116.7165356,71.69629308
541,53.7810583,90.72062926,56.79438421,238.7501357,86.07815813,11.57171191,57.56987336,12.57938853,194.1110477,56.61752543,216.9359721,154.0450456,104.176338,64.85472113
542,49.13130418,83.01742481,53.28738006,217.386537,73.84957148,10.57664197,51.05615378,11.3195478,169.1304337,49.8575167,188.8585782,135.5602805,88.51577801,56.19057893
543,43.85171484,73.01697992,49.85845281,186.9636036,59.98632457,8.337255027,43.03438126,9.703973193,139.9330659,42.33889745,159.4747887,113.2919848,70.902536,46.25347711
544,37.70975512,61.21944767,45.42072937,151.0916554,45.72037892,5.600868997,34.21667322,7.86831387,109.031166,34.32180494,129.1682277,89.21463351,53.02410593,35.86390264
545,30.47288984,48.12498109,38.88733667,113.381012,32.28369604,3.114801781,25.3151471,5.948218983,78.93695554,26.06637641,98.32251943,65.30270155,36.56798175,25.84234248
546,22.13879309,34.37602948,29.66675924,77.20815145,20.72912346,1.461502492,16.99498754,4.07827641,51.89898301,17.89737338,67.67721467,43.3619347,22.92921328,16.91794007
547,13.62597597,21.18422696,19.14891204,45.01418557,11.39305257,0.563945096,9.73364792,2.388828922,29.11110447,10.39805441,39.39557064,24.52316214,12.33307396,9.454464882
548,6.083158834,9.90350388,9.219067615,19.00638447,4.432760739,0.18023477,3.96164883,1.009158015,11.50350292,4.216302337,15.99677114,9.748483902,4.712393092,3.724342873
549,0.659062043,1.887790582,1.762498523,1.392018311,0.005525352,0.06847669,0.109510852,0.068545184,0.006361316,3.55E-15,0,0,0,0
550,0,0,0,0,0,0.025790559,0,0,0,0,0,0,0,0
551,0,0,0,0,0,0.005354181,0,0,0,0,0,0,0,0
552,0,0,0,0,0,0,0,0,0,0,0,0,0,0
553,0,0,0,0,0,0,0,0,0,0,0,0,0,0
554,0,0,0,0,0,0,0,0,0,0,0,0,0,0
555,0,0,0,0,0,0,0,0,0,0,0,0,0,0
556,0,0,0,0,0,0,0,0,0,0,0,0,0,0
557,0,0,0,0,0,0,0,0,0,0,0,0,0,0
558,0,0,0,0,0,0,0,0,0,0,0,0,0,0
559,0,0,0,0,0,0,0,0,0,0,0,0,0,0
560,0,0,0,0,0,0,0,0,0,0,0,0,0,0
561,0,0,0,0,0,0,0,0,0,0,0,0,0,0
562,0,0,0,0,0,0,0,0,0,0,0,0,0,0
563,0,0,0,0,0,0,0,0,0,0,0,0,0,0
564,0,0,0,0,0,0,0,0,0,0,0,0,0,0
565,0,0,0,0,0,0,0,0,0,0,0,0,0,0
566,0,0,0,0,0,0,0,0,0,0,0,0,0,0
567,0,0,0,0,0,0,0,0,0,0,0,0,0,0
568,0,0,0,0,0,0,0,0,0,0,0,0,0,0
569,0,0,0,0,0,0,0,0,0,0,0,0,0,0
570,0,0,0,0,0,0,0,0,0,0,0,0,0,0
571,0,0,0,0,0,0,0,0,0,0,0,0,0,0
572,0,0,0,0,0,0,0,0,0,0,0,0,0,0
573,0,0,0,0,0,0,0,0,0,0,0,0,0,0
574,0,0,0,0,0,0,0,0,0,0,0,0,0,0
575,0,0,0,0,0,0,0,0,0,0,0,0,0,0
576,0,0,0,0,0,0,0,0,0,0,0,0,0,0
577,0,0,0,0,0,0,0,0,0,0,0,0,0,0
578,0,0,0,0,0,0,0,0,0,0,0,0,0,0
579,0,0,0,0,0,0,0,0,0,0,0,0,0,0
580,0,0,0,0,0,0,0,0,0,0,0,0,0,0
581,0,0,0,0,0,0,0,0,0,0,0,0,0,0
582,0,0,0,0,0,0,0,0,0,0,0,0,0,0
583,0,0,0,0,0,0,0,0,0,0,0,0,0,0
584,0,0,0,0,0,0,0,0,0,0,0,0,0,0
585,0,0,0,0,0,0,0,0,0,0,0,0,0,0
586,0,0,0,0,0,0,0,0,0,0,0,0,0,0
587,0,0,0,0,0,0,0,0,0,0,0,0,0,0
588,0,0,0,0,0,0,0,0,0,0,0,0,0,0
589,0,0,0,0,0,0,0,0,0,0,0,0,0,0
590,0,0,0,0,0,0,0,0,0,0,0,0,0,0
591,0,0,0,0,0,0,0,0,0,0,0,0,0,0
592,0,0,0,0,0,0,0,0,0,0,0,0,0,0
593,0,0,0,0,0,0,0,0,0,0,0,0,0,0
594,0,0,0,0,0,0,0,0,0,0,0,0,0,0
595,0,0,0,0,0,0,0,0,0,0,0,0,0,0
596,0,0,0,0,0,0,0,0,0,0,0,0,0,0
597,0,0,0,0,0,0,0,0,0,0,0,0,0,0
598,0,0,0,0,0,0,0,0,0,0,0,0,0,0
599,0,0,0,0,0,0,0,0,0,0,0,0,0,0
600,0,0,0,0,0,0,0,0,0,0,0,0,0,0
601,0,0,0,0,0,0,0,0,0,0,0,0,0,0
602,2.005598792,10.74305974,8.509127736,4.190392739,0.98209675,0,3.257536232,0,17.59422156,3.217547326,12.66462785,18.39351916,9.082423863,4.557709599
603,5.441849225,25.87940343,20.33002132,11.30688727,3.105934616,0,8.130930747,0.163551654,43.57974876,8.085202649,31.31705124,43.8052548,22.2388454,11.51155329
604,10.5518255,43.07475462,33.42701426,21.78726422,6.981139183,0.02278728,14.22787239,1.112024029,75.4639564,14.27561428,54.1047518,71.67855061,37.8959328,20.46313833
605,17.57860182,59.99483682,45.76444005,36.06930422,13.21733604,1.219703246,21.15605,3.168620531,110.7542193,21.46143053,79.17521113,97.4567503,54.48035422,31.01407194
606,26.55514665,74.72813061,55.68150862,54.4990615,22.20720448,3.443649061,28.57768944,6.545475404,147.06524,29.30648991,105.00209,117.5700942,70.70312799,42.6687644
607,36.67400545,87.05414469,63.01693545,77.05568475,33.47563868,6.402216309,36.37316469,10.7122806,182.441033,37.43939179,131.3637654,132.3964091,86.41267302,54.54283813
608,46.91761797,97.17514484,67.98431246,103.6265962,46.33058654,9.677580601,44.47738675,14.95311749,215.0329403,45.47992574,158.3647937,143.3004186,101.7417583,65.65471858
609,56.26842392,105.2933968,70.79723155,134.0992182,60.07999595,12.85191755,52.82526662,18.55206746,242.9923042,53.0478813,186.109731,151.646846,116.823153,75.02283119
610,63.95940309,111.6176003,71.78555877,167.888874,74.06532291,15.58410498,61.25355004,20.96862746,265.0113653,59.84247022,214.4890898,158.6266224,131.6195286,81.98845257
611,70.22569545,116.3821911,71.74425678,202.5224906,87.76205587,17.83982953,69.20632173,22.36395675,281.9459578,65.88059288,242.5372079,164.7355085,145.413167,87.18426392
612,75.552981,119.8280387,71.58456239,235.054896,100.6791914,19.66148009,76.02950119,23.0746302,295.1928146,71.2585718,269.0743795,170.2954726,157.3162526,91.56579759
613,80.42693976,122.1960128,72.21771242,262.5409184,112.325726,21.09144549,81.06900787,23.43722266,306.1486685,76.07272954,292.9208986,175.6284832,166.4409699,96.08858593
614,85.18031071,123.746515,74.26919934,282.931144,122.3137452,22.16915628,83.91038432,23.72846704,315.9958306,80.38632933,313.1707198,180.9973801,172.2600549,101.4470769
615,89.53406868,124.8180741,77.22153833,297.7591925,130.6676895,22.92220964,85.09766537,23.98572853,325.0589262,84.13039721,330.0124407,186.4284903,175.6884513,107.2913808
616,93.05624747,125.7687512,80.27150025,309.4544419,137.5150886,23.37524443,85.41450891,24.18653037,333.448159,87.20289989,343.9083192,191.8890124,178.0016544,113.0105236
617,95.31488087,126.956607,82.61585593,320.44627,142.983472,23.5528995,85.64457281,24.30839581,341.2737327,89.50180411,355.3206133,197.3461451,180.4751596,117.9935312
618,96.04679982,128.6056685,83.64037295,332.3734051,147.2380066,23.48246818,86.45377568,24.33467551,348.5080797,90.9763696,364.7341187,202.7363387,184.0534613,121.775832
619,95.66402389,130.4038273,83.4868057,343.7119756,150.5944093,23.20186173,88.03707892,24.27202976,354.572547,91.78102803,372.7237817,207.8730513,188.3570511,124.4784637
620,94.74736976,131.9049413,82.48590531,352.1474604,153.4060344,22.75164588,90.47170465,24.13294627,358.7507103,92.12150409,379.8870866,212.5389925,192.6754195,126.3688666
621,93.87765412,132.6628683,80.96842289,355.365338,156.0262362,22.17238636,93.83487498,23.92991274,360.3261453,92.20352245,386.8215173,216.5168722,196.2980572,127.7144808
622,93.49677532,132.4193206,79.26100865,352.0284617,158.7094209,21.49380304,98.01768489,23.66921156,358.8679659,92.19225709,393.7582963,219.5988798,198.6965008,128.7092858
623,93.49095817,131.6674295,77.67390911,344.7091813,161.3142024,20.70223234,102.1667208,23.33230383,355.0874392,92.09067912,399.463599,221.6151231,200.0704708,129.2534177
624,93.60750913,131.0881806,76.51326988,336.9572214,163.6002468,19.77316483,105.2424421,22.89444535,349.9813706,91.86120896,402.3373393,222.4051895,200.8017335,129.1735518
625,93.59373468,131.3625598,76.08523659,332.3223062,165.3272198,18.68209108,106.2053081,22.33089191,344.5465655,91.466267,400.779431,221.8086665,201.2720554,128.2963632
626,93.2125307,132.855579,76.58063177,333.0682224,166.2086636,17.40226748,104.3487654,21.6243805,339.4765255,90.86416257,393.7783689,219.7676767,201.5987156,126.4752702
627,92.28915089,134.6683547,77.72898581,336.315005,165.7736255,15.89801371,100.2982102,20.78757303,334.2515387,89.99676069,382.6769726,216.6344835,200.8410431,123.670662
628,90.66443837,135.5860296,79.144506,337.8967513,163.5050288,14.13141532,95.01202591,19.84061263,328.0485891,88.80181532,369.4066426,212.8638855,197.7938796,119.8696709
629,88.17923627,134.3937464,80.44139965,333.6475587,158.8857969,12.06455781,89.44859609,18.80364242,320.0446612,87.21708038,355.8987795,208.9106813,191.2520671,115.0594292
630,84.75732675,130.3005305,81.24076717,320.8815219,151.6515354,9.751829481,84.40805565,17.70942006,309.6691662,85.18984623,343.5226879,205.1145699,180.5455843,109.3032621
631,80.65424807,124.2109391,81.1912813,302.8327252,142.5485786,7.616829639,80.05754526,16.64116147,297.3612229,82.70554884,331.3992885,201.3548518,167.1449589,102.9692683
632,76.20847749,117.4534117,79.94850789,284.2152502,132.5759426,6.175460361,76.40595707,15.6946971,283.8123773,79.75916059,318.0874062,197.3957279,153.0558559,96.50173947
633,71.75849232,111.3563882,77.1680128,269.7431786,122.7326438,5.943623721,73.46218318,14.9658574,269.7141753,76.34565384,302.1458658,193.001399,140.2839402,90.34496727
634,67.55800432,106.84086,72.7204343,262.504734,113.722565,7.194244376,71.10548628,14.49959346,255.4330908,72.44747744,282.5240178,187.7839119,130.1989804,84.76272459
635,63.52166331,103.1980246,67.33670035,259.0847069,105.0690554,9.228337311,68.69661125,14.13733884,240.0353108,67.99698612,259.7333163,180.7466974,121.6271603,79.29670884
636,59.47935359,99.31163133,61.96281139,254.4420296,96.00033048,11.1039401,65.4666735,13.66964774,222.2619502,62.91401107,234.6757411,170.7410321,112.7587673,73.30809857
637,55.26095947,94.06542935,57.5447678,243.5356345,85.74460603,11.8790903,60.64678848,12.88707437,200.8541242,57.11838348,208.2532719,156.6181926,101.7840889,66.15807233
638,50.67617107,86.57406851,54.62169205,222.645295,73.79494826,10.89569881,53.72428541,11.63877025,175.0503145,50.5641862,181.2002372,137.7169601,87.47105942,57.42775025
639,45.45390179,76.87580106,52.10519486,193.3341489,60.70382581,8.631169765,45.21134868,10.00827624,146.0784705,43.34250865,153.5803593,115.3261339,70.89820115,47.57801877
640,39.30287084,65.23977985,48.50000899,158.4861752,47.28855795,5.846780636,35.87637649,8.137730539,115.663908,35.57869195,125.2897093,91.22201762,53.72168312,37.2897059
641,31.93179744,51.93515776,42.31086721,120.9853527,34.36646391,3.303808883,26.48776705,6.169271344,85.53194333,27.39807718,96.22435824,67.18091509,37.59767442,27.24363967
642,23.30442599,37.45875686,32.66730576,83.71155595,22.69319847,1.596646843,17.75751459,4.243974728,57.37198968,19.03519585,66.74698073,44.86712876,23.92062361,18.07238182
643,14.40460176,23.21807613,21.19807478,49.52824148,12.77775844,0.652146354,10.17199751,2.498668294,32.72984964,11.16134114,39.08666635,25.49695601,13.03809705,10.21542907
644,6.471195175,10.84828376,10.15672787,21.29476149,5.067476178,0.230274128,4.161190254,1.069117523,13.11542307,4.556996656,15.93910836,10.17469296,5.035940567,4.064011869
645,0.743076696,1.984547939,1.796818669,1.870468123,0.009684007,0.090996877,0.155067253,0.091087897,0.038609831,0.002645994,0,0.004635731,0,0.009360667
646,0,0,0,0,0,0.032419254,0,0,0,0,0,0,0,0
647,0,0,0,0,0,0.005197668,0,0,0,0,0,0,0,0
648,0,0,0,0,0,0,0,0,0,0,0,0,0,0
649,0,0,0,0,0,0,0,0,0,0,0,0,0,0
650,0,0,0,0,0,0,0,0,0,0,0,0,0,0
651,0,0,0,0,0,0,0,0,0,0,0,0,0,0
652,0,0,0,0,0,0,0,0,0,0,0,0,0,0
653,0,0,0,0,0,0,0,0,0,0,0,0,0,0
654,0,0,0,0,0,0,0,0,0,0,0,0,0,0
655,0,0,0,0,0,0,0,0,0,0,0,0,0,0
656,0,0,0,0,0,0,0,0,0,0,0,0,0,0
657,0,0,0,0,0,0,0,0,0,0,0,0,0,0
658,0,0,0,0,0,0,0,0,0,0,0,0,0,0
659,0,0,0,0,0,0,0,0,0,0,0,0,0,0
660,0,0,0,0,0,0,0,0,0,0,0,0,0,0
661,0,0,0,0,0,0,0,0,0,0,0,0,0,0
662,0,0,0,0,0,0,0,0,0,0,0,0,0,0
663,0,0,0,0,0,0,0,0,0,0,0,0,0,0
664,0,0,0,0,0,0,0,0,0,0,0,0,0,0
665,0,0,0,0,0,0,0,0,0,0,0,0,0,0
666,0,0,0,0,0,0,0,0,0,0,0,0,0,0
667,0,0,0,0,0,0,0,0,0,0,0,0,0,0
668,0,0,0,0,0,0,0,0,0,0,0,0,0,0
669,0,0,0,0,0,0,0,0,0,0,0,0,0,0
670,0,0,0,0,0,0,0,0,0,0,0,0,0,0
671,0,0,0,0,0,0,0,0,0,0,0,0,0,0
672,0,0,0,0,0,0,0,0,0,0,0,0,0,0
673,0,0,0,0,0,0,0,0,0,0,0,0,0,0
674,0,0,0,0,0,0,0,0,0,0,0,0,0,0
675,0,0,0,0,0,0,0,0,0,0,0,0,0,0
676,0,0,0,0,0,0,0,0,0,0,0,0,0,0
677,0,0,0,0,0,0,0,0,0,0,0,0,0,0
678,0,0,0,0,0,0,0,0,0,0,0,0,0,0
679,0,0,0,0,0,0,0,0,0,0,0,0,0,0
680,0,0,0,0,0,0,0,0,0,0,0,0,0,0
681,0,0,0,0,0,0,0,0,0,0,0,0,0,0
682,0,0,0,0,0,0,0,0,0,0,0,0,0,0
683,0,0,0,0,0,0,0,0,0,0,0,0,0,0
684,0,0,0,0,0,0,0,0,0,0,0,0,0,0
685,0,0,0,0,0,0,0,0,0,0,0,0,0,0
686,0,0,0,0,0,0,0,0,0,0,0,0,0,0
687,0,0,0,0,0,0,0,0,0,0,0,0,0,0
688,0,0,0,0,0,0,0,0,0,0,0,0,0,0
689,0,0,0,0,0,0,0,0,0,0,0,0,0,0
690,0,0,0,0,0,0,0,0,0,0,0,0,0,0
691,0,0,0,0,0,0,0,0,0,0,0,0,0,0
692,0,0,0,0,0,0,0,0,0,0,0,0,0,0
693,0,0,0,0,0,0,0,0,0,0,0,0,0,0
694,0,0,0,0,0,0,0,0,0,0,0,0,0,0
695,0,0,0,0,0,0,0,0,0,0,0,0,0,0
696,0,0,0,0,0,0,0,0,0,0,0,0,0,0
697,0,0,0,0,0,0,0,0,0,0,0,0,0,0
698,2.005598792,10.74305974,8.509127736,4.190392739,0.98209675,0,3.257536232,0,17.59422156,3.217547326,12.66462785,18.39351916,9.082423863,4.557709599
699,5.441849225,25.87940343,20.33002132,11.30688727,3.105934616,0,8.130930747,0.163551654,43.57974876,8.085202649,31.31705124,43.8052548,22.2388454,11.51155329
700,10.5518255,43.07475462,33.42701426,21.78726422,6.981139183,0.02278728,14.22787239,1.112024029,75.4639564,14.27561428,54.1047518,71.67855061,37.8959328,20.46313833
701,17.57860182,59.99483682,45.76444005,36.06930422,13.21733604,1.219703246,21.15605,3.168620531,110.7542193,21.46143053,79.17521113,97.4567503,54.48035422,31.01407194
702,26.55514665,74.72813061,55.68150862,54.4990615,22.20720448,3.443649061,28.57768944,6.545475404,147.06524,29.30648991,105.00209,117.5700942,70.70312799,42.6687644
703,36.67400545,87.05414469,63.01693545,77.05568475,33.47563868,6.402216309,36.37316469,10.7122806,182.441033,37.43939179,131.3637654,132.3964091,86.41267302,54.54283813
704,46.91761797,97.17514484,67.98431246,103.6265962,46.33058654,9.677580601,44.47738675,14.95311749,215.0329403,45.47992574,158.3647937,143.3004186,101.7417583,65.65471858
705,56.26842392,105.2933968,70.79723155,134.0992182,60.07999595,12.85191755,52.82526662,18.55206746,242.9923042,53.0478813,186.109731,151.646846,116.823153,75.02283119
706,63.95940309,111.6176003,71.78555877,167.888874,74.06532291,15.58410498,61.25355004,20.96862746,265.0113653,59.84247022,214.4890898,158.6266224,131.6195286,81.98845257
707,70.22569545,116.3821911,71.74425678,202.5224906,87.76205587,17.83982953,69.20632173,22.36395675,281.9459578,65.88059288,242.5372079,164.7355085,145.413167,87.18426392
708,75.552981,119.8280387,71.58456239,235.054896,100.6791914,19.66148009,76.02950119,23.0746302,295.1928146,71.2585718,269.0743795,170.2954726,157.3162526,91.56579759
709,80.42693976,122.1960128,72.21771242,262.5409184,112.325726,21.09144549,81.06900787,23.43722266,306.1486685,76.07272954,292.9208986,175.6284832,166.4409699,96.08858593
710,85.18031071,123.746515,74.26919934,282.931144,122.3137452,22.16915628,83.91038432,23.72846704,315.9958306,80.38632933,313.1707198,180.9973801,172.2600549,101.4470769
711,89.53406868,124.8180741,77.22153833,297.7591925,130.6676895,22.92220964,85.09766537,23.98572853,325.0589262,84.13039721,330.0124407,186.4284903,175.6884513,107.2913808
712,93.05624747,125.7687512,80.27150025,309.4544419,137.5150886,23.37524443,85.41450891,24.18653037,333.448159,87.20289989,343.9083192,191.8890124,178.0016544,113.0105236
713,95.31488087,126.956607,82.61585593,320.44627,142.983472,23.5528995,85.64457281,24.30839581,341.2737327,89.50180411,355.3206133,197.3461451,180.4751596,117.9935312
714,96.04679982,128.6056685,83.64037295,332.3734051,147.2380066,23.48246818,86.45377568,24.33467551,348.5080797,90.9763696,364.7341187,202.7363387,184.0534613,121.775832
715,95.66402389,130.4038273,83.4868057,343.7119756,150.5944093,23.20186173,88.03707892,24.27202976,354.572547,91.78102803,372.7237817,207.8730513,188.3570511,124.4784637
716,94.74736976,131.9049413,82.48590531,352.1474604,153.4060344,22.75164588,90.47170465,24.13294627,358.7507103,92.12150409,379.8870866,212.5389925,192.6754195,126.3688666
717,93.87765412,132.6628683,80.96842289,355.365338,156.0262362,22.17238636,93.83487498,23.92991274,360.3261453,92.20352245,386.8215173,216.5168722,196.2980572,127.7144808
718,93.49677532,132.4193206,79.26100865,352.0284617,158.7094209,21.49380304,98.01768489,23.66921156,358.8679659,92.19225709,393.7582963,219.5988798,198.6965008,128.7092858
719,93.49095817,131.6674295,77.67390911,344.7091813,161.3142024,20.70223234,102.1667208,23.33230383,355.0874392,92.09067912,399.463599,221.6151231,200.0704708,129.2534177
720,93.60750913,131.0881806,76.51326988,336.9572214,163.6002468,19.77316483,105.2424421,22.89444535,349.9813706,91.86120896,402.3373393,222.4051895,200.8017335,129.1735518
721,93.59373468,131.3625598,76.08523659,332.3223062,165.3272198,18.68209108,106.2053081,22.33089191,344.5465655,91.466267,400.779431,221.8086665,201.2720554,128.2963632
722,93.2125307,132.855579,76.58063177,333.0682224,166.2086636,17.40226748,104.3487654,21.6243805,339.4765255,90.86416257,393.7783689,219.7676767,201.5987156,126.4752702
723,92.28915089,134.6683547,77.72898581,336.315005,165.7736255,15.89801371,100.2982102,20.78757303,334.2515387,89.99676069,382.6769726,216.6344835,200.8410431,123.670662
724,90.66443837,135.5860296,79.144506,337.8967513,163.5050288,14.13141532,95.01202591,19.84061263,328.0485891,88.80181532,369.4066426,212.8638855,197.7938796,119.8696709
725,88.17923627,134.3937464,80.44139965,333.6475587,158.8857969,12.06455781,89.44859609,18.80364242,320.0446612,87.21708038,355.8987795,208.9106813,191.2520671,115.0594292
726,84.75732675,130.3005305,81.24076717,320.8815219,151.6515354,9.751829481,84.40805565,17.70942006,309.6691662,85.18984623,343.5226879,205.1145699,180.5455843,109.3032621
727,80.65424807,124.2109391,81.1912813,302.8327252,142.5485786,7.616829639,80.05754526,16.64116147,297.3612229,82.70554884,331.3992885,201.3548518,167.1449589,102.9692683
728,76.20847749,117.4534117,79.94850789,284.2152502,132.5759426,6.175460361,76.40595707,15.6946971,283.8123773,79.75916059,318.0874062,197.3957279,153.0558559,96.50173947
729,71.75849232,111.3563882,77.1680128,269.7431786,122.7326438,5.943623721,73.46218318,14.9658574,269.7141753,76.34565384,302.1458658,193.001399,140.2839402,90.34496727
730,67.55800432,106.84086,72.7204343,262.504734,113.722565,7.194244376,71.10548628,14.49959346,255.4330908,72.44747744,282.5240178,187.7839119,130.1989804,84.76272459
731,63.52166331,103.1980246,67.33670035,259.0847069,105.0690554,9.228337311,68.69661125,14.13733884,240.0353108,67.99698612,259.7333163,180.7466974,121.6271603,79.29670884
732,59.47935359,99.31163133,61.96281139,254.4420296,96.00033048,11.1039401,65.4666735,13.66964774,222.2619502,62.91401107,234.6757411,170.7410321,112.7587673,73.30809857
733,55.26095947,94.06542935,57.5447678,243.5356345,85.74460603,11.8790903,60.64678848,12.88707437,200.8541242,57.11838348,208.2532719,156.6181926,101.7840889,66.15807233
734,50.67617107,86.57406851,54.62169205,222.645295,73.79494826,10.89569881,53.72428541,11.63877025,175.0503145,50.5641862,181.2002372,137.7169601,87.47105942,57.42775025
735,45.45390179,76.87580106,52.10519486,193.3341489,60.70382581,8.631169765,45.21134868,10.00827624,146.0784705,43.34250865,153.5803593,115.3261339,70.89820115,47.57801877
736,39.30287084,65.23977985,48.50000899,158.4861752,47.28855795,5.846780636,35.87637649,8.137730539,115.663908,35.57869195,125.2897093,91.22201762,53.72168312,37.2897059
737,31.93179744,51.93515776,42.31086721,120.9853527,34.36646391,3.303808883,26.48776705,6.169271344,85.53194333,27.39807718,96.22435824,67.18091509,37.59767442,27.24363967
738,23.30442599,37.45875686,32.66730576,83.71155595,22.69319847,1.596646843,17.75751459,4.243974728,57.37198968,19.03519585,66.74698073,44.86712876,23.92062361,18.07238182
739,14.40460176,23.21807613,21.19807478,49.52824148,12.77775844,0.652146354,10.17199751,2.498668294,32.72984964,11.16134114,39.08666635,25.49695601,13.03809705,10.21542907
740,6.471195175,10.84828376,10.15672787,21.29476149,5.067476178,0.230274128,4.161190254,1.069117523,13.11542307,4.556996656,15.93910836,10.17469296,5.035940567,4.064011869
741,0.743076696,1.984547939,1.796818669,1.870468123,0.009684007,0.090996877,0.155067253,0.091087897,0.038609831,0.002645994,0,0.004635731,0,0.009360667
742,0,0,0,0,0,0.032419254,0,0,0,0,0,0,0,0
743,0,0,0,0,0,0.005197668,0,0,0,0,0,0,0,0
744,0,0,0,0,0,0,0,0,0,0,0,0,0,0
745,0,0,0,0,0,0,0,0,0,0,0,0,0,0
746,0,0,0,0,0,0,0,0,0,0,0,0,0,0
747,0,0,0,0,0,0,0,0,0,0,0,0,0,0
748,0,0,0,0,0,0,0,0,0,0,0,0,0,0
749,0,0,0,0,0,0,0,0,0,0,0,0,0,0
750,0,0,0,0,0,0,0,0,0,0,0,0,0,0
751,0,0,0,0,0,0,0,0,0,0,0,0,0,0
752,0,0,0,0,0,0,0,0,0,0,0,0,0,0
753,0,0,0,0,0,0,0,0,0,0,0,0,0,0
754,0,0,0,0,0,0,0,0,0,0,0,0,0,0
755,0,0,0,0,0,0,0,0,0,0,0,0,0,0
756,0,0,0,0,0,0,0,0,0,0,0,0,0,0
757,0,0,0,0,0,0,0,0,0,0,0,0,0,0
758,0,0,0,0,0,0,0,0,0,0,0,0,0,0
759,0,0,0,0,0,0,0,0,0,0,0,0,0,0
760,0,0,0,0,0,0,0,0,0,0,0,0,0,0
761,0,0,0,0,0,0,0,0,0,0,0,0,0,0
762,0,0,0,0,0,0,0,0,0,0,0,0,0,0
763,0,0,0,0,0,0,0,0,0,0,0,0,0,0
764,0,0,0,0,0,0,0,0,0,0,0,0,0,0
765,0,0,0,0,0,0,0,0,0,0,0,0,0,0
766,0,0,0,0,0,0,0,0,0,0,0,0,0,0
767,0,0,0,0,0,0,0,0,0,0,0,0,0,0
768,0,0,0,0,0,0,0,0,0,0,0,0,0,0